309	880	64	+
230	512	64	-
459	982	64	+
61	576	64	+
442	967	64	-
199	327	64	+
229	452	64	+
339	752	64	-
188	978	64	+
104	925	64	+
104	451	64	+
543	925	64	-
296	902	64	+
655	877	64	-
819	843	64	+
731	765	64	+
553	891	64	-
40	218	64	+
595	655	64	+
83	738	64	+
743	765	64	-
56	194	64	-
710	978	64	-
337	781	64	-
151	537	63	-
287	745	63	+
190	556	62	+
252	336	62	+
69	832	62	+
581	779	61	+
583	834	61	+
621	698	61	+
392	870	61	+
56	340	61	+
534	887	60	-
538	973	60	+
599	841	60	+
455	839	60	-
574	743	60	+
77	1001	59	-
83	710	59	+
346	970	59	+
179	651	59	+
191	956	59	-
22	510	59	+
450	724	59	+
426	967	59	+
365	592	59	+
275	511	59	-
173	426	59	-
654	847	58	-
56	232	58	-
754	978	58	-
177	646	58	+
683	718	58	-
204	455	58	-
593	755	57	-
303	339	57	+
206	757	57	-
713	749	57	+
699	906	57	+
893	996	57	+
82	706	57	+
608	825	57	-
71	619	57	+
244	619	57	-
125	571	57	-
34	188	57	-
294	323	56	+
83	754	56	+
83	978	56	-
306	859	56	+
734	801	56	+
46	533	56	+
136	609	56	-
549	975	56	+
567	628	56	+
145	294	56	+
151	880	56	+
128	515	56	+
208	245	56	+
277	737	56	+
532	818	55	+
25	447	55	+
417	604	55	-
281	689	55	+
614	873	55	+
840	953	55	+
256	383	55	+
317	533	55	-
414	683	55	+
396	727	55	+
624	980	55	+
646	796	55	+
103	614	55	+
505	821	55	-
654	736	55	+
325	710	55	+
113	869	55	+
384	881	55	-
660	979	55	+
339	966	55	+
602	801	55	+
120	583	55	+
811	973	55	+
405	743	54	+
296	704	54	+
450	867	54	+
71	761	54	-
609	612	54	-
619	918	54	+
736	992	54	-
253	415	54	+
1	361	54	-
182	956	54	+
168	527	54	-
281	609	54	-
30	386	54	-
606	755	54	+
59	180	54	-
587	599	54	+
264	426	54	-
274	736	54	-
306	710	54	+
306	978	54	-
241	699	54	-
455	898	54	+
177	659	53	-
83	172	53	-
216	662	53	+
90	770	53	-
253	987	53	-
771	870	53	+
707	777	53	+
114	924	53	+
825	870	53	+
69	301	53	+
746	855	53	+
46	317	53	-
98	920	53	-
38	775	53	+
226	593	53	-
34	754	53	+
34	882	53	-
426	595	53	+
95	555	53	+
283	353	53	+
296	465	53	+
659	884	53	-
11	585	53	+
136	281	53	+
504	883	53	+
916	957	53	+
678	890	53	+
746	848	53	+
22	605	53	-
168	755	53	-
365	593	53	-
289	386	53	-
77	290	53	-
444	700	53	-
34	859	53	+
321	956	53	-
472	496	52	-
235	592	52	-
500	781	52	-
145	323	52	+
519	633	52	+
264	967	52	-
424	743	52	-
107	274	52	+
223	275	52	-
366	452	52	+
16	328	52	-
311	602	52	-
595	604	52	+
325	754	52	+
82	362	52	+
362	706	52	+
230	647	52	+
328	635	52	-
411	859	52	-
151	987	52	-
784	855	52	+
194	232	52	+
338	619	52	+
337	699	52	-
599	749	51	+
34	325	51	+
188	325	51	-
521	820	51	+
300	992	51	-
528	809	51	+
136	486	51	+
410	521	51	+
72	459	51	+
286	365	51	-
328	632	51	+
175	275	51	-
175	223	51	+
387	972	51	+
320	884	51	+
333	487	51	+
908	995	51	+
559	652	51	-
508	541	51	+
264	595	51	-
303	683	51	-
439	840	51	-
458	746	51	+
39	633	51	+
512	629	51	+
839	955	51	+
335	870	51	-
154	372	51	+
301	730	51	+
99	953	51	-
506	979	51	+
238	277	51	+
311	801	51	-
155	236	51	-
229	366	51	+
253	339	51	-
619	851	50	+
643	734	50	+
303	365	50	-
282	680	50	-
375	383	50	-
292	298	50	+
403	789	50	+
936	980	50	+
724	867	50	+
648	877	50	+
5	904	50	+
219	404	50	+
151	752	50	+
802	878	50	-
381	434	50	+
717	977	50	+
415	974	50	+
411	519	50	+
724	798	50	+
109	575	50	+
353	357	50	+
710	819	50	+
710	843	50	+
599	910	50	+
385	855	50	+
765	953	50	+
207	290	50	+
455	888	50	-
179	937	50	+
41	597	50	+
273	447	50	-
225	351	50	+
181	954	50	+
299	417	50	+
847	871	50	+
61	695	50	+
408	523	50	-
559	761	50	+
770	774	50	-
376	775	50	+
779	922	49	-
450	453	49	+
212	932	49	-
587	713	49	+
528	614	49	+
782	914	49	+
553	741	49	+
163	888	49	+
27	946	49	-
32	991	49	+
75	758	49	+
127	758	49	-
335	771	49	-
415	527	49	+
527	974	49	+
298	863	49	-
872	883	49	+
386	968	49	-
355	707	49	+
391	431	49	+
278	722	49	-
187	595	49	-
359	812	49	-
303	592	49	-
339	592	49	-
77	207	49	-
132	699	49	+
592	593	49	-
519	859	49	-
363	936	49	+
499	850	49	+
180	732	49	+
710	882	49	-
386	644	49	-
77	466	49	+
34	480	49	-
2	786	49	+
621	654	49	+
415	880	48	+
839	898	48	-
433	628	48	+
65	284	48	+
238	653	48	-
328	368	48	+
538	721	48	+
160	396	48	-
9	904	48	+
572	724	48	+
291	762	48	+
610	755	48	-
601	904	48	-
299	770	48	-
204	812	48	-
87	819	48	+
353	718	48	+
505	583	48	-
381	651	48	+
65	737	48	+
644	968	48	+
218	851	48	+
51	985	48	+
527	606	48	+
418	994	48	+
556	777	48	+
253	880	48	+
825	889	48	-
504	805	48	-
805	883	48	-
34	83	48	+
876	952	48	+
253	365	48	+
655	995	48	+
140	959	48	+
157	1001	48	+
77	157	48	-
62	898	48	-
173	648	48	+
593	718	48	+
34	710	48	+
34	907	48	+
710	907	48	+
188	710	48	-
188	907	48	-
655	813	47	-
121	268	47	+
162	963	47	-
27	734	47	-
84	365	47	+
84	303	47	-
621	930	47	+
206	984	47	+
209	926	47	-
21	221	47	+
339	414	47	-
133	177	47	-
559	856	47	-
834	989	47	+
226	966	47	-
264	442	47	+
299	645	47	+
289	585	47	-
316	448	47	+
195	750	47	+
306	988	47	+
45	776	47	+
520	924	47	+
585	968	47	-
39	710	47	-
33	110	47	-
602	949	47	+
545	925	47	+
587	776	47	+
306	701	47	-
83	701	47	-
85	884	47	-
604	645	47	-
177	278	47	-
272	956	47	+
700	928	47	+
459	786	47	+
84	235	47	-
249	490	47	+
98	602	47	+
328	496	47	+
444	529	47	-
372	520	47	-
671	996	47	+
576	824	47	+
402	929	47	-
770	899	47	+
337	431	47	-
227	230	47	+
244	804	47	+
159	749	47	+
520	880	47	-
655	714	47	-
570	765	47	-
644	728	47	-
160	842	47	+
43	369	47	+
328	600	47	-
138	760	47	+
75	820	47	-
238	986	47	+
638	818	47	+
90	417	47	+
408	665	47	+
290	573	47	+
875	931	47	-
72	352	46	-
77	455	46	+
98	949	46	+
584	747	46	+
245	386	46	-
156	469	46	+
291	971	46	+
122	315	46	+
138	292	46	-
11	386	46	+
625	851	46	+
614	756	46	+
284	688	46	-
201	917	46	-
476	712	46	-
550	581	46	-
462	736	46	-
615	663	46	+
245	687	46	-
205	992	46	+
142	179	46	+
190	407	46	+
97	408	46	+
226	606	46	+
732	956	46	-
752	987	46	-
593	940	46	+
71	156	46	-
231	571	46	+
747	749	46	+
130	936	46	+
110	374	46	+
335	549	46	-
697	750	46	+
200	208	46	+
379	969	46	-
654	896	46	-
834	905	46	-
812	898	46	+
311	531	46	-
849	871	46	-
431	699	46	+
409	655	46	+
702	736	46	-
640	888	46	+
619	625	46	+
96	502	46	+
158	834	46	-
531	965	46	+
463	570	46	-
232	340	46	-
480	754	46	-
784	848	46	+
409	727	46	-
77	204	46	-
166	322	46	+
722	884	46	+
621	896	46	-
322	327	46	+
666	869	46	+
905	989	46	-
277	986	46	+
417	753	46	-
608	771	46	-
304	571	46	+
779	951	46	+
573	785	46	+
679	818	46	+
453	726	46	+
151	591	46	+
915	929	46	-
433	567	46	+
802	971	46	+
218	519	46	+
448	753	45	-
1	632	45	+
537	1000	45	+
685	927	45	-
400	439	45	-
227	999	45	+
636	923	45	+
133	659	45	+
235	339	45	+
18	300	45	-
81	911	45	-
573	857	45	+
590	880	45	+
620	990	45	+
135	745	45	+
491	967	45	+
341	362	45	+
522	628	45	+
432	576	45	-
473	694	45	+
593	880	45	-
420	525	45	+
187	877	45	+
337	391	45	-
289	644	45	+
715	786	45	+
385	661	45	+
226	755	45	+
226	610	45	-
128	611	45	+
14	656	45	+
306	480	45	-
848	855	45	+
744	934	45	-
84	283	45	-
235	283	45	+
553	823	45	-
312	370	45	+
177	320	45	+
164	490	45	+
335	771	45	+
648	995	45	-
529	928	45	+
427	680	45	+
409	957	45	-
278	805	45	-
37	765	45	-
813	908	45	-
159	376	45	+
770	807	45	-
377	855	45	+
205	858	45	+
814	858	45	+
531	734	45	+
813	995	45	-
847	849	45	-
235	795	45	+
9	662	45	+
749	841	45	+
341	482	45	-
584	749	45	+
24	866	45	+
73	659	45	-
543	893	45	+
188	480	45	+
7	185	45	+
353	683	45	-
103	494	45	+
201	971	45	-
762	971	45	+
747	775	45	+
354	895	45	-
410	915	45	-
141	270	44	-
312	381	44	+
248	428	44	+
357	833	44	+
725	870	44	+
580	785	44	+
873	932	44	+
274	654	44	-
238	688	44	-
785	898	44	-
553	963	44	+
252	319	44	+
428	605	44	+
325	701	44	-
99	400	44	-
715	855	44	+
786	855	44	+
325	519	44	-
9	216	44	+
554	773	44	+
480	978	44	+
609	689	44	-
572	867	44	+
314	699	44	+
2	982	44	+
11	30	44	-
268	434	44	+
263	478	44	+
821	834	44	+
62	580	44	+
583	989	44	+
269	808	44	+
71	406	44	+
353	399	44	+
801	965	44	+
235	683	44	-
386	497	44	-
512	778	44	+
742	906	44	-
558	992	44	+
878	961	44	+
515	656	44	+
851	918	44	+
98	196	44	-
196	602	44	-
713	778	44	-
531	801	44	+
171	740	44	+
235	880	44	-
156	856	44	-
158	989	44	-
410	820	44	+
392	825	44	+
392	608	44	-
760	949	44	+
189	915	44	+
604	813	44	-
604	908	44	+
931	999	44	-
371	472	44	-
278	788	44	+
480	738	44	-
346	926	44	+
163	857	44	+
604	916	44	-
189	779	44	+
317	596	44	+
813	967	44	-
372	924	44	-
172	633	44	+
574	765	44	-
238	737	44	+
444	505	44	+
207	443	44	-
247	583	44	-
12	21	44	-
461	892	44	+
65	277	44	+
65	986	44	+
55	426	44	-
475	796	44	-
311	863	44	-
602	863	44	+
801	863	44	+
388	977	44	+
37	463	44	-
521	909	44	+
290	857	44	+
593	862	44	+
859	907	44	+
597	837	44	+
200	968	44	+
64	690	44	+
581	806	44	+
496	607	44	-
426	908	43	+
72	377	43	+
352	377	43	-
472	607	43	+
414	606	43	+
755	966	43	-
909	929	43	+
193	468	43	+
82	772	43	+
749	931	43	-
69	588	43	+
491	995	43	+
339	755	43	-
339	593	43	+
77	888	43	-
72	661	43	+
365	372	43	+
386	585	43	+
264	908	43	-
549	825	43	-
90	623	43	-
534	734	43	-
571	759	43	+
286	414	43	-
286	683	43	-
275	845	43	-
98	760	43	+
583	979	43	+
207	888	43	+
244	338	43	-
376	778	43	-
18	558	43	+
599	747	43	+
268	381	43	+
503	601	43	-
385	746	43	+
142	434	43	+
313	472	43	-
455	812	43	+
84	593	43	-
448	604	43	-
708	805	43	+
430	676	43	-
320	504	43	-
504	884	43	-
364	425	43	+
765	1001	43	+
25	256	43	+
479	753	43	-
301	341	43	-
462	819	43	-
527	880	43	+
391	699	43	+
184	471	43	+
39	519	43	+
81	712	43	-
585	728	43	+
51	363	43	+
363	985	43	+
121	651	43	+
806	922	43	-
602	887	43	+
155	244	43	+
156	761	43	+
606	880	43	+
430	875	43	-
647	676	43	+
365	799	43	+
59	732	43	-
81	99	43	-
618	858	43	+
232	849	43	+
806	951	43	+
24	317	43	+
334	516	43	+
274	495	43	+
314	431	43	+
426	442	43	-
27	969	43	-
22	926	43	+
542	551	43	+
201	308	43	+
688	737	43	-
458	784	43	+
85	504	43	+
446	838	43	+
644	958	43	-
418	656	43	+
239	246	43	+
415	601	43	-
381	627	43	+
85	872	43	+
181	939	43	+
247	834	43	-
514	632	43	+
231	868	43	+
77	898	43	+
275	553	42	-
496	514	42	+
289	497	42	+
655	709	42	+
709	813	42	-
480	633	42	+
191	732	42	+
725	825	42	+
554	897	42	+
363	565	42	-
571	823	42	+
122	858	42	+
741	823	42	-
1	361	42	+
491	648	42	-
88	714	42	-
803	847	42	-
245	797	42	-
394	793	42	+
287	542	42	+
328	334	42	+
141	604	42	+
584	841	42	+
730	832	42	+
11	958	42	+
391	781	42	+
570	574	42	+
335	825	42	+
141	264	42	-
225	846	42	+
593	924	42	+
254	409	42	+
729	981	42	+
218	625	42	+
189	410	42	-
198	301	42	-
185	831	42	+
27	887	42	-
379	887	42	-
704	902	42	+
242	831	42	+
286	610	42	+
245	959	42	+
150	767	42	+
491	604	42	+
520	593	42	+
520	940	42	+
59	321	42	-
415	593	42	-
200	959	42	+
1	600	42	-
529	560	42	+
188	519	42	+
744	834	42	-
543	545	42	-
115	893	42	+
84	590	42	+
274	288	42	+
30	968	42	+
533	885	42	+
317	885	42	-
82	608	42	+
120	744	42	-
370	937	42	+
361	371	42	-
295	852	42	+
194	302	42	-
98	962	42	+
111	781	42	-
813	877	42	+
621	702	42	-
73	278	42	-
73	177	42	+
572	991	42	+
464	925	42	+
268	937	42	+
275	571	42	+
184	672	42	+
519	738	42	-
425	533	42	-
333	951	42	-
267	953	42	-
208	797	42	-
468	533	42	-
34	978	42	-
198	273	42	-
438	444	42	-
198	608	42	+
397	723	42	+
320	872	42	-
448	537	42	-
291	802	42	+
352	542	42	+
607	632	42	-
37	466	42	+
757	867	42	+
838	1002	42	+
199	355	42	+
38	747	42	+
196	965	42	-
604	807	42	-
339	365	42	-
339	799	42	-
1	328	42	+
784	786	42	+
395	852	42	+
174	969	42	+
14	790	42	+
689	939	42	-
549	588	42	-
334	600	42	-
545	655	42	+
34	738	42	+
803	853	42	+
474	924	42	-
29	922	42	-
275	622	42	-
173	813	42	+
317	425	42	+
425	596	42	+
685	931	42	+
247	505	42	+
481	908	42	-
219	535	42	+
514	739	42	-
500	742	42	+
430	919	42	+
758	909	42	-
290	580	42	+
98	969	42	+
525	948	42	+
198	832	42	-
641	992	42	+
16	514	42	-
769	931	42	+
52	653	42	+
22	970	42	+
35	605	42	-
188	859	42	-
822	989	42	-
752	924	42	-
877	916	42	+
29	581	42	+
29	806	42	+
478	756	42	+
260	723	42	+
170	604	42	-
657	773	42	+
629	931	42	+
195	626	41	+
633	754	41	-
486	609	41	-
354	662	41	+
294	933	41	+
345	403	41	+
90	170	41	+
630	723	41	+
448	623	41	-
595	908	41	+
414	592	41	+
268	651	41	+
57	808	41	+
646	883	41	-
579	950	41	+
160	377	41	-
377	396	41	+
308	971	41	-
397	421	41	+
577	952	41	+
318	341	41	+
849	901	41	+
400	712	41	-
771	825	41	+
235	350	41	+
476	953	41	+
22	360	41	-
650	678	41	+
173	513	41	+
114	151	41	-
720	990	41	+
484	712	41	+
699	742	41	-
424	955	41	+
73	722	41	+
199	777	41	+
286	415	41	-
11	968	41	-
875	997	41	-
40	236	41	+
75	410	41	-
163	839	41	+
298	887	41	-
590	593	41	-
417	537	41	-
235	718	41	+
459	715	41	+
549	716	41	+
335	716	41	-
1	496	41	+
168	235	41	+
235	527	41	-
141	173	41	-
104	543	41	-
83	882	41	-
432	504	41	+
333	806	41	-
320	667	41	+
226	235	41	-
226	683	41	+
556	707	41	+
90	753	41	-
52	243	41	+
286	593	41	+
396	491	41	-
247	989	41	-
214	375	41	-
588	730	41	+
584	713	41	+
321	732	41	+
404	535	41	+
505	822	41	+
475	884	41	-
475	659	41	+
317	665	41	+
207	580	41	+
6	700	41	+
553	845	41	+
485	542	41	-
147	355	41	+
81	439	41	-
286	527	41	-
154	286	41	-
81	731	41	+
99	731	41	-
275	759	41	+
339	474	41	-
474	752	41	+
641	858	41	+
515	810	41	+
288	698	41	-
88	877	41	-
313	496	41	+
57	563	41	+
241	391	41	-
967	995	41	+
112	679	41	+
122	205	41	+
158	583	41	-
158	247	41	+
105	602	41	+
838	950	41	+
364	468	41	+
796	872	41	-
344	553	41	+
669	692	41	+
209	360	41	+
315	641	41	+
127	915	41	-
484	840	41	-
159	931	41	-
298	602	41	-
346	360	41	-
476	731	41	+
296	821	41	-
125	553	41	+
553	571	41	-
84	711	41	+
962	969	41	+
335	975	41	-
604	774	41	-
604	770	41	+
243	493	41	+
386	959	41	-
35	209	41	+
592	924	41	-
301	608	41	-
491	595	41	+
396	545	41	-
159	910	41	+
775	778	41	-
927	999	41	+
629	841	41	-
841	931	41	-
796	805	41	+
136	939	40	-
338	625	40	+
867	991	40	+
121	434	40	+
629	747	40	-
368	951	40	-
115	671	40	+
148	538	40	+
713	776	40	+
384	488	40	+
27	534	40	+
7	721	40	+
207	540	40	+
283	339	40	+
283	414	40	-
56	847	40	+
439	953	40	-
400	953	40	+
146	990	40	+
531	602	40	+
949	965	40	+
650	890	40	+
648	813	40	+
266	780	40	+
104	396	40	-
8	892	40	+
778	841	40	-
428	926	40	-
62	557	40	+
83	325	40	+
325	978	40	-
32	724	40	+
266	619	40	+
571	845	40	-
414	577	40	-
414	952	40	-
235	791	40	-
172	978	40	+
172	306	40	-
172	710	40	-
356	697	40	+
328	472	40	-
73	788	40	-
453	572	40	+
453	724	40	+
243	737	40	-
121	179	40	+
207	455	40	-
476	840	40	+
274	896	40	+
163	573	40	+
376	999	40	+
428	926	40	+
273	383	40	-
151	154	40	+
69	375	40	+
727	957	40	+
397	816	40	-
417	826	40	+
527	683	40	+
335	825	40	-
125	741	40	+
459	661	40	+
83	188	40	-
616	767	40	+
785	812	40	-
414	974	40	+
301	362	40	-
146	620	40	+
423	717	40	+
423	977	40	+
277	689	40	+
599	776	40	+
414	415	40	+
37	526	40	-
191	430	40	-
191	676	40	+
601	876	40	+
340	849	40	-
392	771	40	+
103	756	40	+
84	880	40	+
212	861	40	+
161	663	40	+
386	797	40	+
443	812	40	+
13	352	40	+
77	163	40	-
356	626	40	+
22	346	40	+
389	971	40	-
103	631	40	+
193	596	40	+
159	629	40	-
141	908	40	+
478	617	40	+
129	394	40	+
133	504	40	+
398	672	40	+
65	689	40	+
689	737	40	+
106	630	40	+
63	347	40	+
455	857	40	-
283	527	40	-
180	321	40	+
33	420	40	+
571	868	40	+
313	361	40	-
112	342	40	+
247	821	40	-
722	796	40	+
199	407	40	+
487	806	40	-
56	849	40	-
608	772	40	+
135	162	40	-
633	738	40	-
278	646	40	-
288	815	40	-
125	823	40	-
253	610	40	-
732	865	40	+
371	600	40	-
303	590	40	-
323	829	40	+
325	859	40	+
325	411	40	-
352	745	40	+
376	584	40	+
376	747	40	+
174	292	40	-
292	969	40	-
599	713	40	+
207	785	40	+
290	785	40	+
16	600	40	+
339	373	40	-
373	474	40	+
373	752	40	+
877	908	40	-
88	916	40	-
88	908	40	+
908	916	40	-
408	885	40	-
88	604	40	+
71	338	40	+
167	765	40	+
462	815	40	-
660	791	40	+
362	772	40	+
67	291	40	-
284	653	40	-
33	881	40	+
392	725	40	+
199	766	40	+
140	200	40	+
542	741	40	+
652	856	40	+
207	573	40	+
207	857	40	+
288	736	40	-
523	603	40	+
443	573	40	-
342	609	40	+
519	978	40	+
484	662	40	-
9	484	40	-
747	841	40	+
46	603	40	+
315	569	40	+
250	854	40	+
368	514	40	+
826	1000	40	-
385	982	40	+
402	820	40	-
320	646	40	+
301	935	40	-
90	537	40	-
332	861	40	+
290	455	40	-
532	609	40	+
517	834	40	+
133	646	40	-
279	537	40	+
198	975	40	+
162	546	40	+
106	260	40	+
106	723	40	+
61	824	40	+
428	642	40	-
90	604	40	-
163	466	40	-
495	621	40	-
238	243	40	-
314	781	39	+
558	618	39	+
373	987	39	-
235	755	39	-
584	599	39	+
472	600	39	+
137	225	39	+
25	301	39	-
8	492	39	+
301	588	39	+
1	313	39	+
459	855	39	+
855	982	39	+
522	941	39	+
65	238	39	+
65	653	39	-
141	595	39	+
882	978	39	+
328	361	39	+
361	368	39	+
678	855	39	-
403	945	39	+
789	945	39	+
154	591	39	+
426	995	39	+
395	957	39	-
738	754	39	+
75	915	39	+
290	443	39	-
334	632	39	+
581	951	39	+
346	605	39	-
188	701	39	+
46	523	39	+
71	851	39	+
273	375	39	+
34	172	39	-
34	306	39	+
73	133	39	-
55	967	39	-
154	987	39	-
160	678	39	+
246	558	39	-
198	214	39	+
485	546	39	+
412	887	39	-
161	613	39	+
2	746	39	+
293	782	39	+
494	921	39	-
142	268	39	+
173	655	39	-
40	633	39	+
334	361	39	+
135	485	39	-
273	301	39	+
587	775	39	+
237	933	39	+
339	527	39	-
540	888	39	+
75	402	39	+
114	373	39	-
792	906	39	-
671	673	39	+
204	290	39	+
863	949	39	+
285	810	39	+
379	534	39	+
448	645	39	+
172	738	39	-
172	519	39	+
198	318	39	+
192	551	39	+
298	664	39	-
390	508	39	+
85	177	39	-
39	882	39	+
29	779	39	+
18	702	39	+
352	372	39	-
85	708	39	-
85	805	39	-
163	785	39	+
785	857	39	+
558	702	39	+
402	915	39	+
331	379	39	+
876	895	39	+
16	509	39	-
154	880	39	+
746	786	39	+
168	415	39	-
235	415	39	-
834	934	39	+
158	822	39	+
179	682	39	+
836	936	39	+
712	840	39	-
33	261	39	-
151	940	39	-
133	278	39	+
142	381	39	+
647	910	39	+
31	497	39	-
438	700	39	+
306	754	39	+
617	942	39	-
270	595	39	-
341	375	39	-
182	272	39	+
377	459	39	+
589	889	39	+
543	996	39	+
656	790	39	+
212	332	39	+
417	899	39	-
287	424	39	-
744	905	39	+
111	314	39	+
414	593	39	-
563	808	39	+
503	903	39	+
3	704	39	+
28	865	39	+
164	262	39	+
561	1002	39	+
188	633	39	+
604	753	39	+
417	623	39	-
455	580	39	-
542	891	39	-
157	857	39	+
182	705	39	+
279	498	39	+
333	393	39	+
661	982	39	+
681	820	39	-
264	648	39	+
744	821	39	-
46	425	39	-
2	661	39	+
98	734	39	+
12	21	39	+
162	542	39	-
347	685	39	+
656	810	39	+
253	799	39	+
843	866	39	+
258	448	39	+
110	420	39	-
820	909	39	+
497	677	39	+
360	926	39	-
129	942	39	+
509	514	39	+
157	898	39	-
259	425	39	+
52	65	39	-
321	865	39	+
266	519	39	+
191	321	39	+
359	557	39	+
401	619	39	-
13	745	39	+
683	711	39	+
405	765	39	-
880	987	39	-
54	483	39	+
386	687	39	+
400	911	39	-
325	882	39	-
887	969	39	+
176	856	39	+
882	907	39	-
636	869	39	+
209	605	39	+
41	837	39	+
179	434	39	+
204	839	39	+
743	955	39	-
365	974	39	+
798	867	39	+
317	449	39	+
231	741	39	-
15	862	39	-
127	410	39	+
200	386	39	-
30	31	39	-
82	273	39	-
608	935	39	+
599	775	39	+
111	391	39	+
238	964	39	-
243	964	39	+
185	721	39	+
875	999	39	+
567	576	38	+
306	633	38	-
373	880	38	+
659	805	38	-
160	650	38	+
219	921	38	-
230	769	38	-
737	986	38	+
243	653	38	+
495	815	38	-
433	576	38	+
576	628	38	+
314	499	38	+
393	581	38	-
393	779	38	-
18	618	38	+
292	801	38	-
468	843	38	+
491	877	38	-
523	533	38	+
749	776	38	+
776	931	38	-
125	485	38	-
159	230	38	+
706	772	38	+
536	548	38	+
701	710	38	-
309	591	38	+
283	880	38	-
339	880	38	-
414	880	38	+
966	979	38	-
415	683	38	+
154	799	38	+
379	501	38	-
485	511	38	-
862	966	38	+
290	441	38	+
442	595	38	-
857	898	38	-
447	832	38	-
606	862	38	-
205	569	38	+
149	279	38	-
71	652	38	+
598	740	38	+
172	907	38	-
306	907	38	+
907	978	38	-
101	614	38	+
244	625	38	-
113	923	38	+
203	274	38	+
404	971	38	-
698	815	38	+
276	816	38	+
653	688	38	+
341	447	38	+
505	902	38	+
646	872	38	-
227	347	38	-
609	679	38	+
230	997	38	-
204	888	38	+
859	978	38	-
400	840	38	+
218	236	38	+
111	431	38	+
387	889	38	+
88	173	38	-
497	968	38	+
237	323	38	+
342	818	38	+
13	842	38	+
352	842	38	+
127	929	38	+
293	914	38	+
386	728	38	+
633	882	38	+
136	612	38	+
591	987	38	-
591	752	38	+
302	457	38	-
286	353	38	+
353	415	38	-
581	922	38	-
736	947	38	+
188	306	38	-
587	692	38	+
391	742	38	-
583	821	38	+
491	916	38	-
164	249	38	+
278	475	38	+
287	329	38	+
194	761	38	+
345	925	38	+
241	781	38	-
172	859	38	-
217	832	38	-
375	772	38	-
365	880	38	+
22	248	38	-
296	505	38	+
38	749	38	+
180	191	38	+
279	498	38	-
710	738	38	+
812	857	38	-
973	981	38	+
394	998	38	+
325	738	38	+
426	813	38	-
595	813	38	-
264	813	38	+
710	754	38	+
464	545	38	+
323	933	38	+
111	742	38	+
141	995	38	+
473	913	38	+
683	755	38	+
33	374	38	-
151	564	38	+
644	797	38	-
18	814	38	+
112	181	38	+
115	996	38	+
877	967	38	-
30	497	38	+
198	482	38	-
820	915	38	-
1	371	38	+
368	516	38	+
525	881	38	+
71	625	38	+
173	877	38	+
125	542	38	+
464	543	38	-
548	716	38	+
287	551	38	+
375	832	38	+
277	284	38	+
651	937	38	+
30	289	38	+
533	843	38	-
475	708	38	-
66	877	38	+
246	815	38	+
162	741	38	-
62	290	38	+
127	820	38	+
162	485	38	+
230	376	38	+
311	969	38	-
218	406	38	+
409	813	38	-
177	667	38	+
409	916	38	-
495	621	38	+
58	497	38	-
385	458	38	+
4	414	38	-
141	813	38	-
494	809	38	+
647	997	38	-
178	768	38	+
736	815	38	+
345	945	38	+
457	654	38	+
836	980	38	+
782	800	38	+
533	596	38	-
32	867	38	+
391	906	38	+
30	687	38	-
472	509	38	-
472	514	38	-
419	578	38	-
304	542	38	-
184	398	38	+
414	591	38	+
551	765	38	-
602	965	38	+
519	882	38	+
699	781	38	+
247	934	38	-
177	504	38	-
85	659	38	+
775	931	38	-
781	792	38	-
643	760	38	+
426	655	38	+
175	250	38	+
558	947	38	-
401	918	38	-
590	966	38	-
339	590	38	-
232	761	38	+
41	119	38	+
551	745	38	+
761	901	38	+
176	794	38	-
132	431	38	+
155	918	38	-
293	800	38	+
283	590	38	-
604	648	38	-
173	604	38	-
587	740	38	+
52	688	38	+
356	750	38	+
215	668	38	+
249	367	38	+
338	401	38	-
103	263	38	+
338	456	38	-
616	861	38	+
587	749	38	+
530	887	38	-
415	862	38	-
439	476	38	-
512	676	38	-
27	174	38	-
37	424	38	-
30	585	38	-
31	585	38	+
738	907	38	+
878	971	38	-
424	526	38	+
288	621	38	-
288	654	38	-
466	812	38	+
534	969	38	-
328	514	38	+
92	246	38	+
786	848	38	+
172	188	38	+
335	549	37	+
444	704	37	+
363	836	37	-
683	862	37	-
424	574	37	-
182	732	37	-
377	784	37	+
94	847	37	-
485	489	37	-
455	955	37	-
328	607	37	-
635	739	37	+
172	325	37	-
31	200	37	-
244	401	37	+
708	722	37	+
160	385	37	-
927	997	37	-
585	644	37	-
540	573	37	+
160	424	37	-
110	525	37	-
470	486	37	+
227	927	37	+
82	301	37	-
320	659	37	-
133	320	37	-
510	926	37	+
549	725	37	-
75	929	37	-
513	789	37	+
550	779	37	-
292	962	37	-
526	890	37	-
438	529	37	+
658	977	37	+
716	771	37	-
208	959	37	+
71	266	37	+
361	739	37	-
218	918	37	+
625	918	37	+
424	570	37	-
12	589	37	-
198	375	37	-
549	870	37	-
801	949	37	+
592	880	37	+
101	873	37	+
487	779	37	-
133	788	37	+
415	952	37	-
197	906	37	+
71	236	37	+
757	798	37	+
237	829	37	+
313	514	37	+
573	898	37	-
430	999	37	-
376	430	37	-
98	292	37	-
388	423	37	+
749	775	37	+
595	967	37	+
640	955	37	+
90	299	37	+
320	432	37	-
613	615	37	+
368	581	37	-
431	500	37	-
166	766	37	+
681	758	37	+
640	1001	37	+
238	284	37	+
31	386	37	+
376	875	37	+
188	738	37	-
59	272	37	+
301	383	37	-
41	305	37	+
27	379	37	+
585	797	37	+
39	172	37	+
740	776	37	+
219	971	37	-
590	755	37	+
278	659	37	+
491	655	37	+
769	997	37	+
185	973	37	+
317	523	37	-
365	966	37	-
527	593	37	-
527	590	37	+
426	547	37	-
264	547	37	+
547	967	37	-
230	931	37	-
339	415	37	-
84	592	37	+
590	592	37	+
400	731	37	+
803	836	37	-
411	978	37	+
250	571	37	-
480	701	37	+
377	385	37	+
497	728	37	-
363	836	37	+
25	273	37	-
298	311	37	+
253	592	37	+
383	730	37	-
206	225	37	+
87	403	37	+
403	819	37	+
136	675	37	-
180	956	37	-
179	627	37	+
114	372	37	-
396	877	37	+
495	698	37	-
12	387	37	+
661	786	37	+
177	796	37	+
320	796	37	+
22	428	37	+
127	521	37	+
21	387	37	+
171	692	37	+
111	850	37	+
221	889	37	+
434	682	37	+
328	509	37	+
155	619	37	-
468	596	37	+
264	995	37	-
230	676	37	+
604	1000	37	+
608	725	37	-
512	875	37	-
778	875	37	-
174	643	37	+
756	873	37	+
687	968	37	-
199	707	37	+
471	612	37	-
156	176	37	-
769	999	37	-
82	198	37	+
457	761	37	+
683	966	37	-
475	722	37	-
273	341	37	-
196	920	37	+
262	490	37	+
29	951	37	+
284	986	37	+
59	865	37	-
372	373	37	+
80	796	37	+
698	896	37	-
415	876	37	-
201	802	37	-
181	818	37	+
246	300	37	+
369	398	37	+
442	547	37	+
765	839	37	+
106	508	37	-
334	371	37	+
51	936	37	+
363	565	37	+
534	962	37	-
437	745	37	+
715	784	37	-
12	889	37	+
451	925	37	+
451	543	37	-
11	797	37	+
527	592	37	+
372	592	37	+
110	948	37	-
422	538	37	+
582	862	37	+
752	880	37	+
337	906	37	-
526	765	37	+
112	954	37	+
552	944	37	+
22	642	37	+
736	896	37	-
107	658	37	-
397	508	37	-
138	501	37	+
154	924	37	-
523	843	37	-
111	742	37	-
368	371	37	+
125	891	37	-
8	461	37	+
764	936	37	+
137	206	37	+
312	682	37	+
364	523	37	-
138	946	37	+
392	772	37	-
792	906	37	+
363	803	37	-
85	883	37	+
659	883	37	+
312	937	37	+
51	836	37	+
267	840	37	-
755	880	37	+
240	764	37	+
362	935	37	+
879	944	37	+
881	948	37	+
162	891	37	+
344	352	37	+
497	644	37	+
155	851	37	-
288	462	37	+
651	682	37	+
98	298	37	-
767	861	37	+
540	898	37	-
479	807	37	+
83	907	37	+
424	765	37	+
355	556	37	+
45	787	37	+
601	895	37	+
354	601	37	-
194	847	37	-
259	844	37	+
514	607	37	-
424	888	37	+
300	621	37	+
140	245	37	+
99	476	37	-
286	339	37	+
698	947	37	-
443	466	37	+
181	612	36	-
132	234	36	+
122	641	36	+
1	509	36	+
148	721	36	+
270	967	36	-
385	715	36	+
155	456	36	+
306	325	36	+
385	890	36	-
283	365	36	-
283	303	36	+
664	887	36	+
363	624	36	-
844	885	36	-
718	833	36	+
761	856	36	-
71	856	36	+
199	556	36	+
256	341	36	+
86	976	36	+
127	402	36	-
393	487	36	+
180	182	36	-
90	479	36	+
85	722	36	-
592	755	36	+
408	533	36	-
413	636	36	+
648	714	36	+
240	836	36	+
51	764	36	+
623	899	36	+
204	466	36	-
365	414	36	+
256	730	36	-
526	678	36	-
570	727	36	-
599	875	36	+
193	201	36	-
141	967	36	+
217	730	36	-
33	488	36	-
376	512	36	-
346	428	36	-
361	632	36	+
632	739	36	-
442	995	36	-
347	997	36	+
731	953	36	+
434	651	36	+
313	632	36	+
496	632	36	+
351	846	36	+
274	815	36	-
698	702	36	-
291	917	36	+
588	706	36	-
480	859	36	-
393	550	36	+
135	546	36	-
1	368	36	+
361	496	36	+
484	911	36	+
557	812	36	-
622	854	36	+
299	826	36	+
180	865	36	+
109	151	36	+
754	859	36	+
425	468	36	+
576	695	36	+
372	987	36	-
40	738	36	-
754	882	36	-
46	885	36	+
530	969	36	-
439	712	36	+
821	989	36	+
177	883	36	-
396	655	36	-
264	409	36	-
219	961	36	+
535	961	36	+
16	313	36	-
43	672	36	+
425	523	36	-
376	685	36	-
685	778	36	+
255	414	36	+
277	653	36	-
448	774	36	+
448	1000	36	-
774	1000	36	-
448	770	36	-
645	770	36	-
480	710	36	-
194	849	36	+
567	763	36	+
484	953	36	-
476	484	36	-
267	712	36	+
727	852	36	-
9	216	36	-
344	891	36	-
561	838	36	+
348	773	36	+
154	592	36	+
162	553	36	-
303	414	36	-
241	500	36	+
106	397	36	+
255	365	36	+
18	858	36	+
163	898	36	-
362	482	36	-
688	986	36	-
303	593	36	+
878	942	36	-
701	754	36	-
247	517	36	-
866	885	36	-
333	550	36	+
189	929	36	-
317	843	36	+
196	801	36	-
475	646	36	-
427	555	36	-
147	327	36	+
472	632	36	-
173	491	36	-
326	909	36	-
319	326	36	+
204	1001	36	+
390	397	36	-
604	877	36	-
340	871	36	+
218	619	36	+
205	558	36	+
744	989	36	-
613	835	36	+
432	667	36	-
278	883	36	+
73	883	36	-
511	542	36	+
249	262	36	+
191	705	36	-
541	816	36	+
300	698	36	+
549	772	36	+
604	655	36	+
119	838	36	+
388	717	36	+
130	980	36	+
84	168	36	-
168	283	36	+
399	833	36	+
14	418	36	+
70	626	36	+
181	689	36	-
82	588	36	-
182	191	36	-
111	906	36	+
177	708	36	+
656	994	36	+
761	1003	36	-
621	815	36	+
402	758	36	+
364	596	36	+
173	908	36	-
678	842	36	+
201	533	36	+
420	488	36	-
209	428	36	-
552	690	36	+
66	916	36	+
410	929	36	+
361	514	36	-
504	667	36	-
191	865	36	+
273	832	36	+
72	855	36	+
32	450	36	+
290	898	36	-
574	839	36	-
485	741	36	-
41	561	36	+
681	929	36	-
202	548	36	+
174	946	36	+
574	888	36	-
320	722	36	+
277	688	36	-
202	716	36	+
181	609	36	+
99	840	36	-
316	770	36	-
316	807	36	+
361	472	36	-
836	985	36	+
486	675	36	-
72	715	36	+
51	565	36	+
565	936	36	+
132	742	36	-
317	468	36	+
292	760	36	-
769	841	36	-
81	953	36	+
734	760	36	+
530	962	36	-
27	962	36	-
446	467	36	+
396	459	36	+
37	743	36	+
609	675	36	+
235	353	36	+
224	265	36	+
664	863	36	+
357	399	36	+
909	915	36	-
363	980	36	+
350	593	36	+
584	775	36	+
4	592	36	-
4	974	36	-
592	974	36	+
154	303	36	-
875	927	36	+
416	691	36	+
620	720	36	+
408	843	36	+
728	797	36	+
375	706	36	-
574	955	36	-
147	717	36	+
147	977	36	+
624	985	36	+
216	484	36	-
469	794	36	+
176	469	36	-
189	820	36	-
484	696	36	-
9	696	36	+
662	696	36	+
426	491	36	+
103	617	36	+
536	716	36	+
385	786	36	+
786	982	36	+
772	975	36	+
31	968	36	-
512	841	36	-
466	540	36	-
84	414	36	+
156	457	36	+
31	289	36	-
676	875	36	+
344	489	36	+
188	754	36	-
666	923	36	+
565	764	36	+
120	834	36	+
606	795	36	-
734	962	36	+
58	289	36	-
736	819	36	+
599	931	36	-
738	859	36	+
230	927	36	+
605	642	36	-
151	924	36	-
339	987	36	+
313	516	36	+
869	923	36	+
27	138	36	-
130	363	36	+
11	497	36	-
218	266	36	+
279	604	36	-
233	881	36	-
364	533	36	-
467	597	36	+
82	549	36	+
81	267	36	-
404	878	36	+
367	490	36	+
629	713	35	-
527	711	35	+
138	734	35	+
457	849	35	+
604	967	35	+
196	298	35	+
604	623	35	+
512	599	35	-
281	612	35	+
820	929	35	+
955	1001	35	+
77	955	35	-
455	1001	35	-
710	859	35	+
888	898	35	-
292	734	35	-
174	962	35	+
201	291	35	-
529	700	35	+
122	558	35	+
315	558	35	+
212	616	35	+
207	898	35	-
198	362	35	+
590	862	35	-
13	329	35	+
683	974	35	+
253	474	35	+
474	987	35	-
380	694	35	+
155	401	35	+
58	687	35	+
2	459	35	+
339	606	35	-
852	957	35	-
187	727	35	+
392	549	35	-
240	936	35	+
201	596	35	-
319	586	35	+
11	728	35	+
584	587	35	+
69	482	35	+
121	381	35	+
214	608	35	+
135	344	35	+
218	338	35	+
338	918	35	+
177	722	35	+
173	925	35	+
466	955	35	-
751	889	35	+
84	527	35	+
288	819	35	-
5	9	35	+
179	381	35	+
655	908	35	+
431	906	35	+
58	386	35	+
299	604	35	-
257	914	35	+
270	995	35	-
424	1001	35	+
400	476	35	+
760	969	35	+
380	636	35	+
106	541	35	-
65	243	35	-
400	484	35	-
365	606	35	+
236	266	35	+
779	806	35	+
255	895	35	-
335	772	35	+
772	825	35	-
181	638	35	+
741	845	35	+
306	882	35	-
72	385	35	+
408	468	35	+
377	715	35	+
14	994	35	+
965	969	35	+
523	885	35	+
760	962	35	+
340	993	35	+
185	538	35	+
387	751	35	+
64	552	35	+
194	871	35	-
629	776	35	-
593	606	35	-
125	304	35	-
196	531	35	-
542	553	35	+
187	254	35	-
444	465	35	+
633	978	35	+
347	376	35	-
370	381	35	+
68	567	35	+
558	858	35	+
408	844	35	+
371	632	35	+
659	872	35	+
335	392	35	-
448	807	35	+
468	523	35	-
174	298	35	-
103	921	35	-
746	982	35	+
168	365	35	-
168	974	35	-
365	415	35	+
365	527	35	+
480	988	35	-
7	973	35	+
721	973	35	+
706	832	35	-
159	778	35	-
749	778	35	-
315	858	35	+
365	711	35	+
11	289	35	-
578	938	35	+
255	755	35	+
168	255	35	-
73	884	35	+
775	841	35	+
30	644	35	+
114	520	35	+
120	822	35	-
369	471	35	+
599	676	35	+
560	928	35	+
542	571	35	-
275	542	35	-
475	883	35	+
387	725	35	-
347	430	35	+
300	558	35	-
82	214	35	+
304	437	35	-
359	580	35	+
324	367	35	+
426	604	35	+
426	877	35	-
315	992	35	+
318	383	35	+
705	997	35	+
628	941	35	+
757	991	35	+
344	485	35	-
11	200	35	-
593	795	35	+
247	744	35	+
24	523	35	-
303	718	35	+
83	633	35	-
217	608	35	+
591	592	35	+
373	591	35	+
70	356	35	+
361	371	35	+
313	328	35	+
925	945	35	+
646	805	35	+
221	589	35	+
31	58	35	+
585	687	35	+
174	734	35	+
439	731	35	-
646	722	35	+
196	643	35	-
593	987	35	+
491	908	35	+
157	888	35	+
379	962	35	-
127	909	35	+
61	433	35	+
421	508	35	-
583	660	35	+
361	516	35	+
466	573	35	-
4	593	35	+
190	355	35	+
443	898	35	+
35	346	35	+
156	559	35	+
158	934	35	-
496	509	35	+
546	963	35	-
365	601	35	-
640	743	35	-
16	334	35	-
191	919	35	-
353	833	35	+
505	744	35	+
530	734	35	-
288	495	35	-
309	575	35	-
60	275	35	+
60	759	35	+
872	884	35	-
728	968	35	-
646	884	35	+
307	328	35	+
71	735	35	-
224	343	35	+
701	882	35	+
812	888	35	-
82	935	35	+
44	219	35	+
675	954	35	+
486	954	35	-
97	533	35	-
166	407	35	+
466	898	35	+
276	508	35	+
18	315	35	+
415	474	35	+
4	15	35	-
263	998	35	-
504	722	35	-
322	407	35	+
327	407	35	+
446	837	35	+
409	877	35	-
570	1001	35	-
547	595	35	-
48	506	35	+
558	736	35	-
29	393	35	-
174	887	35	+
376	713	35	+
444	928	35	-
301	549	35	-
80	805	35	+
151	799	35	+
752	799	35	+
799	880	35	+
170	417	35	+
77	839	35	-
1	334	35	+
35	360	35	+
325	907	35	+
485	823	35	+
45	171	35	+
629	997	35	+
665	843	35	+
523	665	35	-
751	972	35	+
219	878	35	+
404	802	35	-
321	719	35	-
28	180	35	+
185	242	35	+
287	352	35	+
154	683	35	+
47	846	35	+
59	705	35	+
462	621	35	-
352	458	35	-
85	646	35	-
4	286	35	+
612	939	35	-
331	760	35	-
527	755	35	+
611	656	35	+
50	601	35	+
36	666	35	+
36	923	35	+
653	964	35	+
37	204	35	-
151	286	35	-
283	592	35	-
239	815	35	+
501	969	35	+
24	533	35	-
376	599	35	+
522	567	35	+
141	426	35	+
505	704	35	+
351	984	35	+
372	575	35	-
142	651	35	+
26	725	35	+
149	604	35	+
235	286	35	+
821	905	35	-
181	486	34	-
486	612	34	+
207	211	34	-
59	191	34	-
411	633	34	+
562	936	34	-
498	604	34	+
246	930	34	+
512	997	34	+
396	916	34	+
105	863	34	+
704	821	34	-
512	647	34	-
396	714	34	+
61	567	34	+
84	606	34	+
97	885	34	-
97	844	34	+
714	995	34	-
12	221	34	+
215	838	34	+
694	923	34	+
438	928	34	+
252	326	34	+
302	871	34	+
727	828	34	-
870	975	34	-
192	542	34	+
80	177	34	+
80	320	34	+
80	133	34	-
80	659	34	-
22	209	34	-
98	801	34	+
94	936	34	-
135	741	34	+
924	940	34	+
156	794	34	+
513	945	34	+
72	746	34	+
114	987	34	+
56	993	34	+
592	862	34	-
4	711	34	-
25	69	34	-
570	743	34	+
764	836	34	+
353	711	34	-
463	743	34	-
365	795	34	-
272	321	34	-
312	651	34	+
5	216	34	+
25	341	34	+
390	541	34	+
82	975	34	+
111	391	34	-
75	681	34	+
487	951	34	-
227	685	34	-
491	714	34	-
215	597	34	+
640	857	34	+
15	235	34	-
15	350	34	-
602	643	34	+
133	796	34	-
337	500	34	+
339	353	34	+
372	880	34	+
15	255	34	+
4	283	34	+
725	771	34	+
17	971	34	+
568	746	34	+
319	336	34	+
505	834	34	-
83	480	34	-
9	349	34	+
142	312	34	+
470	612	34	+
62	359	34	+
393	806	34	-
256	318	34	+
159	430	34	+
230	629	34	-
46	408	34	-
469	761	34	+
492	892	34	+
908	967	34	+
271	387	34	+
16	472	34	+
371	509	34	+
859	882	34	-
196	969	34	-
156	735	34	+
519	907	34	-
680	938	34	+
174	379	34	-
151	372	34	+
372	752	34	+
761	864	34	-
636	666	34	+
387	825	34	-
571	741	34	-
90	807	34	+
39	978	34	+
138	863	34	+
609	737	34	-
231	823	34	+
40	978	34	+
371	635	34	-
632	635	34	-
233	261	34	+
687	797	34	+
38	587	34	+
22	428	34	-
403	830	34	+
131	880	34	+
570	640	34	-
120	247	34	-
120	517	34	+
592	987	34	-
45	159	34	+
15	755	34	+
485	745	34	-
676	713	34	+
73	320	34	+
69	256	34	-
138	969	34	+
166	407	34	-
633	859	34	-
684	740	34	+
136	689	34	+
16	371	34	-
164	367	34	+
567	695	34	+
14	611	34	+
69	383	34	-
69	730	34	+
743	839	34	-
654	803	34	+
650	842	34	+
130	151	34	-
347	931	34	+
100	226	34	-
160	848	34	-
346	510	34	+
84	415	34	+
283	415	34	-
595	877	34	-
473	636	34	+
465	902	34	+
889	972	34	+
476	911	34	-
171	598	34	+
598	692	34	+
791	979	34	+
68	576	34	+
489	542	34	+
247	822	34	+
755	862	34	-
168	862	34	+
328	371	34	+
371	496	34	+
262	367	34	+
223	854	34	+
493	986	34	-
372	591	34	+
744	822	34	+
162	344	34	-
253	303	34	-
227	997	34	-
705	956	34	+
272	705	34	+
139	170	34	-
331	962	34	-
361	472	34	+
523	900	34	-
236	519	34	+
325	633	34	-
155	338	34	-
214	291	34	-
214	802	34	-
395	657	34	+
137	984	34	+
263	617	34	+
282	419	34	+
2	855	34	+
51	980	34	+
414	601	34	-
195	356	34	+
232	901	34	+
3	444	34	-
334	361	34	-
286	924	34	+
302	993	34	+
408	425	34	+
466	839	34	-
221	387	34	+
6	444	34	-
69	273	34	+
177	805	34	+
98	531	34	+
94	562	34	+
742	781	34	-
746	784	34	+
725	772	34	-
260	397	34	+
537	899	34	+
174	501	34	+
248	360	34	+
545	639	34	+
414	590	34	+
196	311	34	+
447	730	34	-
758	915	34	+
166	310	34	-
118	131	34	+
458	786	34	+
793	998	34	+
253	414	34	+
468	665	34	+
439	489	34	+
134	362	34	-
508	816	34	+
45	512	34	-
1	607	34	-
313	607	34	-
25	383	34	+
51	363	34	-
252	586	34	+
299	753	34	-
101	528	34	+
10	119	34	+
32	757	34	+
478	494	34	+
248	926	34	-
344	542	34	+
913	923	34	+
626	750	34	+
333	581	34	-
468	603	34	-
587	669	34	+
114	880	34	-
521	929	34	+
375	730	34	+
226	255	34	+
225	984	34	+
344	963	34	+
13	287	34	+
450	798	34	+
242	721	34	+
724	757	34	+
430	997	34	+
713	747	34	+
99	267	34	+
511	553	34	+
347	910	34	-
457	803	34	+
158	821	34	-
97	866	34	+
515	611	34	+
605	926	34	-
84	253	34	+
253	711	34	+
38	841	34	+
21	972	34	+
191	997	34	-
264	270	34	+
55	264	34	+
55	595	34	-
504	646	34	-
235	590	34	-
100	880	34	-
325	480	34	-
462	495	34	-
353	479	34	+
255	606	34	+
708	796	34	+
668	837	34	+
83	306	34	+
306	738	34	+
568	784	34	+
841	910	34	+
377	786	34	+
352	551	34	+
63	927	34	-
711	966	34	-
267	400	34	-
96	416	34	+
311	965	34	-
55	547	34	-
829	933	34	+
20	769	34	+
468	885	34	-
324	502	34	+
322	556	34	+
34	411	34	-
320	788	34	-
409	595	33	+
716	725	33	-
193	885	33	-
72	745	33	-
377	745	33	-
459	784	33	+
242	811	33	+
207	466	33	-
116	821	33	-
628	695	33	+
11	31	33	+
337	792	33	-
24	468	33	+
298	801	33	-
531	949	33	+
530	643	33	-
485	845	33	-
600	632	33	-
283	606	33	-
168	286	33	+
159	769	33	-
51	624	33	+
29	333	33	-
315	702	33	+
363	853	33	-
97	468	33	+
97	843	33	+
714	877	33	+
877	995	33	-
310	563	33	+
58	200	33	-
106	421	33	+
450	757	33	+
414	966	33	-
593	966	33	+
394	494	33	-
7	242	33	+
289	687	33	-
271	589	33	+
126	431	33	+
368	472	33	-
142	370	33	+
179	370	33	+
413	473	33	+
609	818	33	+
408	596	33	+
1	472	33	-
89	356	33	+
17	66	33	+
567	824	33	+
16	632	33	-
376	629	33	-
299	623	33	-
623	645	33	-
300	930	33	+
313	368	33	+
447	482	33	-
609	954	33	+
168	593	33	+
99	439	33	+
207	839	33	+
75	189	33	+
571	891	33	+
55	995	33	-
88	709	33	+
275	854	33	-
291	404	33	-
481	714	33	+
569	698	33	-
569	815	33	-
290	359	33	+
546	745	33	-
669	740	33	+
592	683	33	+
20	347	33	+
20	227	33	-
3	296	33	+
39	306	33	-
417	1000	33	-
378	738	33	-
506	583	33	+
547	908	33	-
775	910	33	+
133	872	33	+
370	627	33	+
114	575	33	+
45	584	33	+
234	781	33	+
108	335	33	+
604	826	33	-
160	890	33	+
30	58	33	-
135	542	33	+
383	447	33	+
863	920	33	-
676	776	33	+
259	468	33	+
4	415	33	-
599	769	33	-
286	474	33	-
474	610	33	-
176	761	33	-
101	932	33	+
512	927	33	-
286	987	33	+
643	949	33	+
592	711	33	+
353	527	33	-
601	952	33	+
46	364	33	-
141	442	33	-
402	410	33	-
887	962	33	+
512	713	33	-
157	839	33	+
216	354	33	+
749	910	33	+
41	446	33	+
262	324	33	+
77	443	33	+
309	799	33	+
612	689	33	+
179	268	33	+
465	704	33	+
88	426	33	+
458	715	33	+
99	484	33	+
268	370	33	+
18	246	33	-
299	899	33	-
369	672	33	+
592	601	33	-
360	428	33	-
331	534	33	+
339	683	33	-
443	455	33	+
104	545	33	+
47	984	33	-
188	882	33	+
643	969	33	+
257	800	33	+
646	659	33	-
617	921	33	-
40	244	33	-
90	645	33	+
304	511	33	-
457	847	33	-
292	643	33	-
520	987	33	+
862	974	33	-
365	862	33	-
527	862	33	-
11	58	33	+
223	622	33	+
316	623	33	-
100	372	33	-
278	796	33	-
530	534	33	+
212	767	33	+
45	778	33	-
296	834	33	-
128	656	33	+
551	678	33	+
165	206	33	-
384	525	33	-
466	640	33	-
288	896	33	+
44	404	33	+
638	679	33	+
145	829	33	+
821	822	33	-
9	903	33	+
392	975	33	-
711	974	33	+
269	310	33	+
667	788	33	-
432	788	33	+
144	213	33	+
593	683	33	-
533	603	33	+
104	639	33	+
863	962	33	+
352	489	33	+
303	350	33	+
350	718	33	+
350	683	33	-
300	736	33	+
364	603	33	-
432	872	33	+
650	828	33	+
333	779	33	-
119	597	33	+
550	922	33	+
760	887	33	+
318	375	33	-
357	718	33	+
281	939	33	-
155	625	33	-
823	891	33	+
469	559	33	+
242	973	33	+
942	961	33	-
457	562	33	+
10	838	33	+
657	897	33	+
425	866	33	+
880	966	33	-
590	711	33	+
549	935	33	+
446	597	33	+
133	722	33	-
300	947	33	+
512	769	33	+
512	931	33	+
512	999	33	-
597	950	33	+
20	931	33	+
407	766	33	+
135	891	33	-
317	976	33	+
340	457	33	-
88	648	33	-
648	908	33	-
202	536	33	+
396	908	33	-
275	868	33	+
391	500	33	-
620	983	33	+
747	776	33	+
235	606	33	-
30	728	33	-
805	884	33	+
175	622	33	+
195	697	33	+
40	851	33	+
190	766	33	+
361	739	33	+
341	832	33	-
738	978	33	-
430	927	33	-
240	985	33	+
126	337	33	-
776	841	33	+
511	845	33	+
354	876	33	-
774	899	33	-
478	942	33	-
360	970	33	-
734	969	33	+
116	247	33	+
284	493	33	-
695	824	33	+
362	375	33	-
158	905	33	+
168	683	33	-
710	988	33	+
139	770	33	+
85	133	33	+
355	592	33	-
327	563	33	-
743	890	33	+
549	608	33	+
36	869	33	+
258	316	33	+
150	616	33	+
477	663	33	-
789	925	33	+
439	745	33	+
489	745	33	+
204	207	33	+
588	772	33	-
685	997	33	+
274	462	33	+
567	941	33	+
821	934	33	+
284	737	33	+
232	457	33	+
239	300	33	+
655	916	33	-
778	997	33	+
936	985	33	+
278	432	33	+
111	792	33	-
248	642	33	-
384	518	33	+
84	601	33	-
304	553	33	-
840	911	33	-
57	674	33	+
593	974	33	-
527	966	33	-
368	496	33	+
565	836	33	+
623	770	33	+
266	625	33	+
331	887	33	-
80	646	33	+
290	466	33	-
558	814	33	+
190	322	33	+
158	744	33	+
2	784	33	+
88	491	33	+
88	967	33	+
35	510	33	-
154	253	33	+
253	683	33	+
52	737	33	-
653	737	33	-
209	428	33	+
565	980	33	+
85	280	33	-
181	281	33	-
124	512	33	-
271	889	33	+
24	259	33	+
20	685	33	+
84	339	33	-
495	815	33	+
978	988	33	-
119	561	33	+
193	364	33	+
569	621	33	-
4	100	33	+
4	880	33	-
13	650	33	+
58	728	33	+
141	547	33	-
329	352	33	+
153	779	33	-
138	379	33	-
621	736	33	+
621	819	33	+
761	794	33	+
163	290	33	+
298	969	33	-
214	217	33	+
138	962	33	+
56	901	33	-
493	653	33	+
277	493	33	-
174	760	33	+
449	976	33	+
149	537	33	+
51	130	33	+
177	884	33	+
77	812	33	+
263	756	33	+
156	1003	33	-
558	621	33	-
198	935	33	+
375	935	33	-
735	856	32	-
162	437	32	-
132	314	32	+
132	781	32	+
714	813	32	+
186	802	32	-
85	278	32	+
103	478	32	+
245	436	32	+
772	870	32	-
828	842	32	+
266	851	32	+
368	779	32	-
200	245	32	+
254	908	32	+
404	961	32	+
248	428	32	-
61	763	32	+
385	784	32	+
417	645	32	+
31	644	32	-
376	769	32	-
798	991	32	+
194	457	32	+
184	612	32	-
773	897	32	+
344	823	32	-
365	582	32	-
209	510	32	-
168	966	32	+
182	865	32	-
895	966	32	+
516	607	32	-
547	995	32	+
358	652	32	+
328	361	32	-
361	368	32	-
552	879	32	+
200	289	32	+
200	687	32	-
145	933	32	+
503	876	32	-
313	600	32	-
110	488	32	+
193	533	32	-
173	595	32	-
438	560	32	+
363	624	32	+
633	907	32	-
617	631	32	+
344	546	32	-
485	553	32	-
94	654	32	+
654	936	32	-
37	640	32	-
162	511	32	-
683	895	32	-
652	794	32	-
156	652	32	-
347	999	32	-
863	887	32	+
15	365	32	+
15	414	32	+
15	592	32	+
153	550	32	+
255	966	32	-
396	424	32	+
482	730	32	+
46	665	32	-
10	561	32	+
370	651	32	+
15	353	32	-
268	627	32	+
795	966	32	+
850	906	32	+
339	591	32	-
360	510	32	-
676	749	32	+
196	734	32	-
196	292	32	+
377	842	32	-
396	842	32	-
302	340	32	+
402	681	32	+
168	606	32	-
168	795	32	+
715	784	32	+
334	607	32	-
831	973	32	+
218	780	32	+
626	697	32	+
847	993	32	+
254	877	32	-
61	941	32	+
588	832	32	+
430	512	32	+
415	755	32	+
421	1002	32	-
77	573	32	-
334	368	32	+
12	589	32	+
415	592	32	+
260	630	32	+
260	390	32	-
390	630	32	-
198	730	32	-
163	812	32	-
11	208	32	-
110	261	32	+
66	655	32	-
101	634	32	+
81	400	32	+
45	769	32	-
584	769	32	-
348	897	32	+
79	789	32	+
377	848	32	+
369	612	32	+
77	857	32	-
60	571	32	+
256	375	32	-
5	354	32	+
577	711	32	-
133	667	32	-
353	966	32	+
82	730	32	-
205	814	32	+
175	854	32	+
480	519	32	+
150	212	32	+
235	966	32	+
361	509	32	-
353	414	32	-
414	527	32	+
574	640	32	-
800	914	32	+
37	570	32	+
15	286	32	-
15	415	32	+
418	790	32	+
226	862	32	-
610	862	32	+
416	502	32	+
338	851	32	+
147	556	32	+
125	546	32	-
304	546	32	+
151	339	32	-
712	911	32	+
94	363	32	-
434	937	32	+
194	901	32	+
706	725	32	-
426	481	32	-
695	941	32	+
317	408	32	+
317	844	32	+
253	286	32	-
479	770	32	-
112	609	32	+
331	412	32	+
712	953	32	-
6	529	32	+
6	560	32	+
261	488	32	+
301	375	32	+
466	857	32	-
374	881	32	-
410	681	32	-
706	825	32	-
130	624	32	+
624	936	32	+
442	709	32	-
565	803	32	-
362	832	32	-
584	776	32	+
170	623	32	-
342	679	32	+
344	741	32	+
486	689	32	+
11	140	32	-
794	856	32	-
309	373	32	+
314	906	32	+
186	291	32	-
352	678	32	+
522	695	32	+
165	450	32	+
206	450	32	-
59	182	32	+
331	969	32	-
204	955	32	+
454	492	32	+
171	669	32	+
122	702	32	+
268	682	32	+
311	664	32	-
173	187	32	+
187	491	32	-
316	753	32	-
316	479	32	+
114	154	32	-
180	593	32	+
191	593	32	+
69	198	32	-
69	608	32	-
227	629	32	-
158	505	32	+
432	522	32	-
41	1002	32	+
443	857	32	-
314	792	32	-
287	344	32	+
517	989	32	+
7	831	32	+
235	506	32	-
65	688	32	-
15	590	32	+
132	337	32	-
616	932	32	-
513	925	32	+
546	571	32	+
255	303	32	-
255	350	32	-
255	718	32	-
255	683	32	+
112	818	32	+
531	664	32	+
93	541	32	+
495	698	32	+
537	604	32	+
149	537	32	-
149	604	32	-
85	475	32	+
21	889	32	+
242	538	32	+
299	1000	32	-
329	745	32	+
226	415	32	+
31	728	32	+
98	863	32	+
335	870	32	+
864	1003	32	+
11	687	32	+
115	543	32	+
359	441	32	+
715	727	32	+
604	899	32	+
386	677	32	-
679	954	32	+
16	635	32	+
583	822	32	-
384	420	32	-
173	714	32	+
714	908	32	-
16	516	32	-
245	289	32	+
165	867	32	+
542	823	32	-
176	652	32	+
309	372	32	+
238	689	32	+
538	729	32	+
595	648	32	-
595	995	32	+
157	955	32	+
97	193	32	+
193	408	32	+
685	999	32	-
595	709	32	+
209	248	32	+
652	864	32	+
190	199	32	+
181	532	32	+
390	421	32	-
511	741	32	+
362	608	32	+
608	706	32	+
183	734	32	+
123	202	32	+
103	394	32	-
36	113	32	+
192	287	32	+
572	798	32	+
56	457	32	-
685	919	32	+
120	905	32	-
630	816	32	-
505	905	32	+
409	967	32	+
91	596	32	+
488	881	32	-
203	246	32	-
629	875	32	-
125	511	32	+
92	315	32	-
246	736	32	+
178	403	32	+
16	496	32	-
446	1002	32	+
99	712	32	+
236	619	32	+
236	625	32	+
189	758	32	+
230	910	32	+
52	284	32	-
217	975	32	+
430	685	32	+
449	468	32	+
28	182	32	-
152	715	32	+
72	848	32	+
599	629	32	-
53	252	32	+
591	924	32	-
184	369	32	+
510	605	32	-
138	949	32	+
775	776	32	+
331	946	32	-
491	709	32	+
715	982	32	+
434	627	32	+
861	932	32	-
63	875	32	-
930	947	32	+
578	680	32	+
21	589	32	+
504	796	32	-
310	808	32	+
26	771	32	+
217	375	32	-
29	550	32	-
794	864	32	-
591	880	32	+
24	665	32	+
473	923	32	+
911	953	32	-
168	350	32	+
239	930	32	+
570	839	32	-
125	162	32	-
788	884	32	-
171	749	32	+
286	350	32	+
410	909	32	+
173	995	32	-
98	174	32	+
802	917	32	+
232	302	32	-
662	904	32	+
588	608	32	-
326	336	32	+
722	883	32	-
883	884	32	-
414	718	32	-
422	973	32	+
168	414	32	-
403	925	32	+
290	888	32	+
629	769	32	+
408	900	32	+
470	609	32	-
394	972	32	+
112	638	32	+
111	500	32	+
193	425	32	+
352	385	32	-
114	474	32	-
453	984	32	-
891	963	32	-
340	847	32	+
125	845	32	+
235	414	32	-
478	631	32	+
209	346	32	-
88	957	32	-
869	913	32	+
15	582	32	-
431	792	32	+
699	792	32	+
139	807	32	-
823	868	32	+
130	498	32	+
393	922	32	+
409	648	32	-
136	954	32	-
194	340	32	-
424	463	32	+
365	755	32	+
111	781	32	+
721	811	32	+
111	699	32	+
763	941	32	+
325	649	32	+
163	207	32	+
337	499	32	-
16	739	32	+
526	574	32	-
61	628	32	+
628	824	32	+
81	476	32	+
254	491	32	+
237	294	32	+
455	785	32	-
432	884	32	-
396	409	32	-
506	660	32	+
298	760	31	-
361	514	31	+
235	583	31	-
235	660	31	-
313	361	31	+
485	891	31	+
475	805	31	-
303	799	31	-
643	863	31	+
457	901	31	+
406	978	31	+
575	924	31	+
753	774	31	-
150	861	31	+
97	723	31	+
481	995	31	-
253	350	31	-
45	599	31	+
270	813	31	+
10	597	31	+
25	375	31	-
727	855	31	+
785	888	31	+
210	685	31	-
210	997	31	-
608	716	31	+
303	527	31	-
579	597	31	+
81	484	31	-
159	676	31	+
713	931	31	-
474	592	31	+
257	782	31	+
97	665	31	+
529	902	31	-
692	787	31	+
592	606	31	+
231	860	31	-
213	229	31	+
189	368	31	-
554	657	31	+
371	607	31	-
426	648	31	-
13	192	31	+
701	907	31	-
534	760	31	-
57	269	31	+
188	411	31	+
221	751	31	+
236	244	31	-
443	839	31	-
135	963	31	+
15	253	31	+
347	919	31	+
575	987	31	+
576	763	31	+
150	332	31	+
226	711	31	+
858	992	31	+
471	672	31	+
313	371	31	+
531	962	31	+
828	890	31	+
227	430	31	-
466	888	31	-
47	225	31	+
849	993	31	-
901	993	31	-
333	874	31	-
791	795	31	-
791	862	31	-
235	862	31	+
795	862	31	+
379	734	31	-
708	884	31	+
731	911	31	-
200	585	31	-
532	679	31	+
217	772	31	+
226	253	31	+
352	439	31	+
612	675	31	-
236	851	31	+
718	862	31	+
569	858	31	+
20	629	31	+
1	514	31	+
432	805	31	-
163	580	31	+
573	580	31	+
580	857	31	+
580	898	31	-
213	452	31	+
27	643	31	-
643	887	31	+
161	835	31	+
458	459	31	+
172	236	31	+
239	288	31	-
543	673	31	+
360	428	31	+
198	549	31	+
234	241	31	-
259	866	31	+
473	666	31	+
473	869	31	+
71	244	31	-
713	775	31	+
17	291	31	+
40	780	31	+
738	780	31	-
9	354	31	+
354	904	31	+
743	1001	31	-
303	415	31	-
96	691	31	+
412	962	31	-
72	678	31	-
596	665	31	+
350	755	31	-
151	309	31	+
664	969	31	+
394	921	31	+
623	807	31	-
469	864	31	-
226	303	31	-
661	715	31	+
661	855	31	+
110	881	31	-
304	891	31	+
473	869	31	-
512	749	31	-
512	910	31	-
371	739	31	-
596	843	31	+
305	1002	31	+
431	781	31	+
549	706	31	+
414	895	31	-
171	776	31	+
73	667	31	+
45	629	31	-
82	375	31	-
253	582	31	-
764	985	31	+
117	470	31	-
455	573	31	-
171	587	31	+
289	968	31	+
109	987	31	-
432	659	31	+
729	973	31	+
745	891	31	-
267	731	31	-
414	610	31	-
415	610	31	-
274	698	31	-
82	832	31	-
481	595	31	-
130	774	31	-
108	335	31	-
425	885	31	-
590	683	31	+
396	661	31	+
946	969	31	+
15	168	31	-
608	870	31	-
790	994	31	+
520	575	31	+
72	786	31	+
84	683	31	+
223	250	31	+
13	551	31	+
54	265	31	+
63	997	31	+
863	965	31	+
441	785	31	+
931	997	31	+
88	813	31	-
37	574	31	+
379	946	31	-
815	896	31	-
572	757	31	+
847	853	31	-
151	474	31	+
474	940	31	-
769	875	31	-
769	927	31	-
812	955	31	-
499	906	31	+
622	868	31	-
6	928	31	+
59	719	31	+
430	629	31	+
230	430	31	-
27	501	31	-
266	411	31	+
132	499	31	+
314	337	31	-
168	226	31	-
189	806	31	+
376	931	31	-
286	303	31	+
286	718	31	+
255	286	31	-
135	352	31	+
236	401	31	-
240	565	31	+
846	984	31	+
406	625	31	+
40	266	31	+
177	475	31	-
784	982	31	+
286	862	31	+
775	787	31	+
705	732	31	-
652	761	31	-
27	760	31	-
210	778	31	-
299	448	31	+
823	963	31	-
48	966	31	-
163	455	31	-
681	915	31	+
517	583	31	+
345	513	31	+
643	664	31	+
198	217	31	+
339	610	31	+
724	991	31	+
815	819	31	+
678	828	31	+
464	639	31	+
339	924	31	+
283	577	31	+
339	577	31	+
391	792	31	-
265	429	31	+
28	191	31	+
595	714	31	-
606	683	31	+
32	726	31	+
304	823	31	+
421	723	31	+
25	482	31	-
196	949	31	-
46	843	31	-
241	337	31	+
714	967	31	-
784	855	31	-
713	841	31	+
692	747	31	+
692	776	31	+
629	685	31	+
175	571	31	-
205	641	31	+
349	895	31	-
673	893	31	+
673	996	31	+
51	240	31	+
240	624	31	+
296	744	31	+
168	592	31	-
254	648	31	-
394	631	31	-
390	816	31	+
375	588	31	+
159	599	31	+
347	927	31	-
226	414	31	+
415	711	31	+
111	241	31	+
267	439	31	+
593	752	31	-
347	875	31	-
457	559	31	+
363	654	31	-
726	867	31	+
207	640	31	+
141	409	31	+
409	604	31	+
409	908	31	+
66	957	31	+
597	838	31	+
659	796	31	-
100	154	31	-
100	591	31	-
100	592	31	-
100	286	31	+
286	591	31	-
286	592	31	-
318	447	31	+
318	730	31	-
387	392	31	-
376	749	31	+
350	414	31	-
459	568	31	+
189	681	31	+
46	259	31	-
12	387	31	-
12	889	31	-
36	380	31	+
380	869	31	+
173	709	31	-
186	971	31	-
396	678	31	-
659	722	31	-
661	784	31	+
661	848	31	+
463	1001	31	+
360	605	31	+
647	875	31	+
241	742	31	+
253	924	31	-
417	770	31	-
456	918	31	-
170	1000	31	-
198	256	31	+
637	976	31	+
154	474	31	+
372	474	31	+
273	730	31	+
408	866	31	+
446	579	31	+
290	839	31	+
233	374	31	+
980	985	31	+
415	865	31	-
519	710	31	-
771	975	31	-
120	821	31	+
179	356	31	+
182	719	31	+
799	987	31	-
614	634	31	+
90	899	31	-
289	797	31	-
97	523	31	-
1	635	31	-
189	402	31	+
504	872	31	+
111	699	31	-
488	525	31	-
154	582	31	-
4	84	31	-
410	758	31	-
439	542	31	+
457	936	31	-
583	744	31	-
18	569	31	+
423	658	31	+
137	351	31	-
641	814	31	+
5	876	31	-
638	954	31	+
383	608	31	+
648	967	31	-
466	1001	31	-
32	572	31	+
227	512	31	-
920	969	31	-
174	920	31	-
283	966	31	+
230	749	31	+
698	736	31	+
880	924	31	-
201	389	31	+
308	389	31	+
33	384	31	-
562	836	31	-
124	997	31	-
34	633	31	-
258	807	31	+
5	484	31	-
5	662	31	+
5	696	31	+
477	615	31	-
292	602	31	-
69	362	31	-
186	214	31	+
304	759	31	+
263	614	31	+
204	540	31	+
402	909	31	-
465	529	31	-
243	688	31	+
493	737	31	-
65	493	31	-
477	615	31	+
204	743	31	-
173	789	31	+
61	522	31	+
123	716	31	+
283	593	31	+
182	226	31	+
593	799	31	-
453	991	31	+
27	530	31	+
463	574	31	-
667	884	31	+
3	465	31	+
592	966	31	-
555	578	31	-
582	592	31	-
79	513	31	+
887	920	31	-
263	394	31	-
185	981	31	+
358	864	31	+
170	899	31	-
745	966	31	-
681	909	31	-
35	209	31	-
765	840	31	-
405	840	31	+
272	732	31	-
334	514	31	+
92	558	31	-
535	802	31	-
815	992	31	-
734	887	31	+
598	776	31	+
398	471	31	+
462	896	31	+
261	881	31	-
84	350	31	-
