256	383	32	+
34	988	32	+
381	434	32	+
18	122	32	+
98	734	32	+
114	520	32	+
188	480	32	+
306	738	32	+
85	432	32	+
264	270	32	+
415	527	32	+
930	947	32	+
306	859	32	+
65	737	32	+
77	898	32	+
179	268	32	+
776	841	32	+
136	281	32	+
876	952	32	+
706	772	32	+
212	616	32	+
194	849	32	+
235	286	32	+
538	973	32	+
25	447	32	+
226	590	32	+
692	740	32	+
746	982	32	+
83	754	32	+
303	339	32	+
834	934	32	+
163	290	32	+
263	478	32	+
158	505	32	+
112	638	32	+
88	655	32	+
455	466	32	+
355	556	32	+
179	370	32	+
175	250	32	+
159	599	32	+
159	713	32	+
599	713	32	+
512	685	32	+
73	884	32	+
15	590	32	+
39	633	32	+
596	843	32	+
18	641	32	+
749	841	32	+
708	796	32	+
293	800	32	+
459	855	32	+
721	831	32	+
206	351	32	+
21	221	32	+
698	815	32	+
698	947	32	+
815	947	32	+
104	925	32	+
206	225	32	+
731	840	32	+
531	602	32	+
184	672	32	+
363	836	32	+
112	532	32	+
112	954	32	+
532	954	32	+
587	776	32	+
279	498	32	+
618	641	32	+
801	863	32	+
721	973	32	+
24	97	32	+
519	633	32	+
441	785	32	+
135	745	32	+
160	890	32	+
614	617	32	+
393	922	32	+
735	761	32	+
328	496	32	+
438	700	32	+
17	957	32	+
113	723	32	+
353	833	32	+
65	284	32	+
782	800	32	+
352	745	32	+
204	424	32	+
338	619	32	+
532	818	32	+
209	428	32	+
390	508	32	+
151	591	32	+
82	772	32	+
361	516	32	+
14	656	32	+
377	855	32	+
226	606	32	+
62	290	32	+
306	754	32	+
204	640	32	+
526	765	32	+
606	755	32	+
538	721	32	+
65	986	32	+
98	863	32	+
658	977	32	+
269	808	32	+
756	932	32	+
267	911	32	+
266	780	32	+
362	772	32	+
38	776	32	+
206	984	32	+
27	534	32	+
572	867	32	+
34	83	32	+
177	646	32	+
784	855	32	+
5	216	32	+
667	722	32	+
344	352	32	+
141	595	32	+
123	548	32	+
51	764	32	+
172	411	32	+
821	934	32	+
671	996	32	+
584	587	32	+
20	997	32	+
278	788	32	+
309	880	32	+
654	803	32	+
207	888	32	+
95	555	32	+
542	745	32	+
433	576	32	+
549	935	32	+
422	538	32	+
513	925	32	+
556	707	32	+
271	387	32	+
438	928	32	+
328	632	32	+
111	431	32	+
597	837	32	+
737	986	32	+
437	741	32	+
437	963	32	+
741	963	32	+
553	845	32	+
177	722	32	+
163	857	32	+
849	901	32	+
172	188	32	+
172	978	32	+
188	978	32	+
15	255	32	+
87	403	32	+
88	908	32	+
273	301	32	+
173	925	32	+
478	617	32	+
36	666	32	+
36	923	32	+
666	923	32	+
372	752	32	+
83	325	32	+
247	822	32	+
191	676	32	+
194	232	32	+
340	871	32	+
181	939	32	+
301	375	32	+
402	915	32	+
875	927	32	+
39	519	32	+
164	262	32	+
85	504	32	+
232	849	32	+
753	770	32	+
277	986	32	+
207	290	32	+
219	535	32	+
584	841	32	+
71	619	32	+
122	618	32	+
51	936	32	+
764	936	32	+
127	410	32	+
450	724	32	+
190	766	32	+
51	836	32	+
11	386	32	+
184	398	32	+
247	744	32	+
208	245	32	+
159	749	32	+
376	647	32	+
583	979	32	+
558	992	32	+
602	949	32	+
604	753	32	+
114	575	32	+
157	857	32	+
163	207	32	+
669	692	32	+
151	880	32	+
379	534	32	+
558	814	32	+
823	891	32	+
97	866	32	+
148	973	32	+
148	981	32	+
973	981	32	+
354	904	32	+
782	914	32	+
125	553	32	+
744	822	32	+
111	906	32	+
549	608	32	+
646	796	32	+
199	355	32	+
199	707	32	+
355	707	32	+
52	653	32	+
342	609	32	+
602	801	32	+
371	509	32	+
168	235	32	+
103	614	32	+
104	451	32	+
57	563	32	+
11	797	32	+
85	278	32	+
313	514	32	+
148	538	32	+
255	527	32	+
255	880	32	+
527	880	32	+
529	928	32	+
553	963	32	+
41	837	32	+
132	431	32	+
182	705	32	+
299	417	32	+
506	979	32	+
496	509	32	+
270	547	32	+
425	843	32	+
425	900	32	+
843	900	32	+
73	177	32	+
306	325	32	+
386	585	32	+
391	781	32	+
127	929	32	+
453	572	32	+
453	724	32	+
572	724	32	+
77	812	32	+
757	798	32	+
299	645	32	+
599	776	32	+
32	757	32	+
119	446	32	+
473	666	32	+
761	794	32	+
175	223	32	+
65	277	32	+
549	772	32	+
365	592	32	+
621	698	32	+
621	815	32	+
186	214	32	+
242	721	32	+
239	621	32	+
30	968	32	+
473	694	32	+
425	468	32	+
9	904	32	+
129	921	32	+
367	490	32	+
376	676	32	+
773	897	32	+
176	652	32	+
51	980	32	+
142	381	32	+
274	896	32	+
504	872	32	+
2	459	32	+
219	961	32	+
425	596	32	+
426	967	32	+
348	773	32	+
472	607	32	+
174	962	32	+
178	403	32	+
182	956	32	+
156	761	32	+
497	644	32	+
325	710	32	+
325	754	32	+
710	754	32	+
99	845	32	+
590	880	32	+
108	549	32	+
339	350	32	+
409	426	32	+
426	491	32	+
405	743	32	+
189	402	32	+
784	786	32	+
443	898	32	+
572	798	32	+
87	178	32	+
813	877	32	+
221	889	32	+
663	835	32	+
395	852	32	+
72	786	32	+
247	505	32	+
127	909	32	+
328	514	32	+
652	856	32	+
347	512	32	+
347	778	32	+
512	778	32	+
266	619	32	+
578	680	32	+
747	749	32	+
683	711	32	+
202	548	32	+
286	303	32	+
770	899	32	+
82	608	32	+
661	784	32	+
585	687	32	+
513	789	32	+
433	567	32	+
433	695	32	+
567	695	32	+
757	867	32	+
51	240	32	+
128	611	32	+
1	632	32	+
82	549	32	+
75	681	32	+
357	833	32	+
400	476	32	+
716	772	32	+
573	888	32	+
576	824	32	+
722	884	32	+
604	899	32	+
152	715	32	+
150	767	32	+
1	361	32	+
64	690	32	+
287	344	32	+
269	310	32	+
321	865	32	+
591	592	32	+
542	741	32	+
758	915	32	+
414	974	32	+
798	867	32	+
443	466	32	+
277	284	32	+
353	357	32	+
158	822	32	+
31	386	32	+
859	907	32	+
57	808	32	+
683	974	32	+
543	996	32	+
133	659	32	+
133	788	32	+
659	788	32	+
876	895	32	+
148	422	32	+
527	974	32	+
9	662	32	+
97	425	32	+
587	684	32	+
587	740	32	+
684	740	32	+
473	636	32	+
51	985	32	+
168	593	32	+
459	786	32	+
786	855	32	+
414	880	32	+
159	910	32	+
245	959	32	+
167	463	32	+
45	171	32	+
625	918	32	+
229	452	32	+
365	606	32	+
493	688	32	+
32	724	32	+
32	867	32	+
724	867	32	+
738	754	32	+
266	918	32	+
388	658	32	+
204	955	32	+
801	965	32	+
430	629	32	+
199	777	32	+
446	838	32	+
295	852	32	+
459	661	32	+
420	948	32	+
144	931	32	+
341	447	32	+
218	519	32	+
491	595	32	+
56	340	32	+
22	510	32	+
708	884	32	+
684	775	32	+
174	643	32	+
31	585	32	+
179	356	32	+
250	622	32	+
114	987	32	+
451	639	32	+
312	651	32	+
113	380	32	+
145	294	32	+
785	857	32	+
15	253	31	+
72	377	31	+
31	687	31	+
531	949	31	+
125	542	31	+
81	476	31	+
217	549	31	+
399	833	31	+
834	989	31	+
7	185	31	+
494	614	31	+
73	722	31	+
281	689	31	+
446	597	31	+
252	326	31	+
117	609	31	+
195	697	31	+
666	913	31	+
105	602	31	+
453	726	31	+
694	923	31	+
619	625	31	+
656	994	31	+
700	928	31	+
198	217	31	+
75	189	31	+
647	749	31	+
331	534	31	+
204	290	31	+
1	313	31	+
718	833	31	+
380	636	31	+
284	986	31	+
201	389	31	+
980	985	31	+
278	659	31	+
2	786	31	+
81	400	31	+
171	740	31	+
404	535	31	+
650	890	31	+
713	775	31	+
168	286	31	+
446	579	31	+
290	839	31	+
599	747	31	+
85	133	31	+
133	278	31	+
828	842	31	+
413	869	31	+
272	956	31	+
353	399	31	+
403	789	31	+
84	711	31	+
213	229	31	+
165	450	31	+
315	558	31	+
309	474	31	+
561	668	31	+
365	474	31	+
154	591	31	+
154	592	31	+
32	450	31	+
422	973	31	+
83	859	31	+
83	907	31	+
275	823	31	+
82	362	31	+
173	396	31	+
253	711	31	+
362	608	31	+
22	642	31	+
510	642	31	+
216	662	31	+
3	902	31	+
99	439	31	+
527	755	31	+
325	859	30	+
599	841	30	+
263	494	30	+
365	683	30	+
180	732	30	+
388	977	30	+
150	861	30	+
68	695	30	+
159	210	30	+
505	905	30	+
552	944	30	+
699	781	30	+
40	236	30	+
406	625	30	+
129	998	30	+
434	651	30	+
661	855	30	+
842	890	30	+
138	962	30	+
295	348	30	+
230	927	30	+
418	790	30	+
722	796	30	+
364	596	30	+
56	871	30	+
779	806	30	+
463	765	30	+
474	977	30	+
356	697	30	+
286	865	30	+
431	781	30	+
395	440	30	+
97	408	30	+
408	866	30	+
419	733	30	+
22	346	30	+
171	598	30	+
598	740	30	+
352	542	30	+
34	710	30	+
154	373	30	+
762	802	30	+
106	421	30	+
344	745	30	+
559	761	30	+
431	906	30	+
623	1000	30	+
909	929	30	+
253	592	30	+
370	651	30	+
625	851	30	+
613	835	30	+
217	608	30	+
825	870	30	+
769	931	30	+
465	704	30	+
442	547	30	+
504	659	30	+
659	872	30	+
580	785	30	+
2	746	30	+
545	639	30	+
325	988	30	+
710	988	30	+
754	988	30	+
418	994	30	+
57	269	30	+
829	933	30	+
238	986	30	+
255	683	30	+
2	385	30	+
385	459	30	+
414	592	30	+
235	795	30	+
75	915	30	+
725	870	30	+
863	949	30	+
675	954	30	+
415	755	30	+
290	580	30	+
140	200	30	+
99	484	30	+
754	859	30	+
362	549	30	+
629	931	30	+
475	659	30	+
192	352	30	+
613	663	30	+
779	951	30	+
701	882	30	+
171	692	30	+
916	957	30	+
312	381	29	+
312	434	29	+
520	987	29	+
136	486	29	+
468	976	29	+
376	599	29	+
376	776	29	+
376	841	29	+
268	370	29	+
565	836	29	+
527	590	29	+
767	861	29	+
457	901	29	+
618	702	29	+
103	478	29	+
418	611	29	+
69	730	29	+
738	988	29	+
145	829	29	+
61	824	29	+
465	902	29	+
579	597	29	+
609	939	29	+
256	341	29	+
241	742	29	+
708	722	29	+
236	619	29	+
236	625	29	+
174	887	29	+
80	722	29	+
328	509	29	+
462	896	29	+
457	803	29	+
551	745	29	+
1	371	29	+
348	554	29	+
274	462	29	+
207	785	29	+
186	389	29	+
155	518	29	+
235	593	29	+
280	320	29	+
454	492	29	+
190	556	29	+
296	902	29	+
207	955	29	+
85	475	29	+
133	475	29	+
278	475	29	+
673	893	29	+
491	604	29	+
498	1000	29	+
96	222	29	+
2	661	29	+
189	758	29	+
403	513	29	+
531	664	29	+
263	756	29	+
179	682	29	+
163	888	29	+
85	659	29	+
165	724	29	+
142	682	29	+
580	857	29	+
710	738	29	+
224	265	29	+
340	847	29	+
72	855	29	+
25	383	29	+
549	975	29	+
128	285	29	+
285	611	29	+
32	453	29	+
621	736	29	+
331	379	29	+
472	600	29	+
643	887	29	+
210	676	29	+
58	386	29	+
61	695	29	+
467	597	29	+
150	616	29	+
15	414	29	+
15	974	29	+
343	429	29	+
200	289	29	+
51	565	29	+
36	694	29	+
506	791	29	+
385	982	29	+
544	925	29	+
177	320	29	+
455	898	29	+
203	558	29	+
22	926	29	+
94	654	29	+
142	651	29	+
173	877	29	+
201	308	29	+
171	684	29	+
684	692	29	+
177	796	29	+
168	862	29	+
83	710	29	+
8	492	28	+
196	311	28	+
579	950	28	+
424	526	28	+
554	897	28	+
760	962	28	+
235	303	28	+
93	390	28	+
39	172	28	+
172	633	28	+
320	722	28	+
179	381	28	+
179	434	28	+
453	991	28	+
638	939	28	+
112	609	28	+
532	609	28	+
609	954	28	+
573	839	28	+
315	702	28	+
369	471	28	+
108	771	28	+
628	941	28	+
249	490	28	+
138	760	28	+
51	363	28	+
162	304	28	+
188	701	28	+
239	815	28	+
428	642	28	+
172	480	28	+
591	752	28	+
408	665	28	+
228	295	28	+
228	348	28	+
290	857	28	+
271	751	28	+
373	474	28	+
451	464	28	+
567	576	28	+
426	908	28	+
485	546	28	+
99	712	28	+
83	306	28	+
505	822	28	+
39	978	28	+
519	978	28	+
633	978	28	+
247	905	28	+
839	857	28	+
581	951	28	+
66	727	28	+
438	560	28	+
508	816	28	+
547	995	28	+
732	865	28	+
578	938	28	+
168	966	28	+
391	699	28	+
271	589	28	+
549	716	28	+
608	716	28	+
572	757	28	+
281	737	28	+
145	237	28	+
543	893	28	+
893	996	28	+
385	661	28	+
231	571	28	+
621	947	28	+
128	656	28	+
749	775	28	+
159	776	28	+
320	667	28	+
80	805	28	+
96	262	28	+
222	262	28	+
103	617	28	+
119	950	28	+
189	681	28	+
681	758	28	+
437	551	28	+
771	825	28	+
722	805	28	+
193	425	28	+
193	596	28	+
427	938	28	+
73	320	28	+
108	335	28	+
335	549	28	+
179	627	28	+
627	682	28	+
110	384	28	+
85	872	28	+
160	842	28	+
138	174	28	+
174	969	28	+
112	342	28	+
21	972	28	+
802	971	28	+
172	701	28	+
760	949	28	+
461	492	28	+
806	951	28	+
24	449	28	+
531	969	28	+
172	519	28	+
676	999	28	+
252	336	28	+
660	979	28	+
173	714	28	+
396	714	28	+
468	665	28	+
88	595	28	+
515	656	28	+
54	224	28	+
71	625	28	+
386	797	28	+
346	510	28	+
346	642	28	+
458	568	27	+
198	772	27	+
342	818	27	+
538	981	27	+
289	968	27	+
887	962	27	+
821	834	27	+
463	526	27	+
147	707	27	+
492	892	27	+
230	376	27	+
684	776	27	+
293	782	27	+
426	995	27	+
813	916	27	+
401	456	27	+
103	263	27	+
222	691	27	+
15	755	27	+
112	818	27	+
609	818	27	+
818	954	27	+
291	971	27	+
142	268	27	+
463	1001	27	+
72	746	27	+
69	301	27	+
235	339	27	+
581	806	27	+
132	391	27	+
132	906	27	+
391	906	27	+
218	406	27	+
218	625	27	+
159	875	27	+
337	792	27	+
98	174	27	+
174	863	27	+
48	660	27	+
156	559	27	+
581	779	27	+
352	489	27	+
410	820	27	+
356	626	27	+
309	373	27	+
373	880	27	+
474	880	27	+
290	785	27	+
369	672	27	+
158	744	27	+
239	698	27	+
595	908	27	+
195	750	27	+
344	551	27	+
35	209	27	+
380	473	27	+
137	225	27	+
411	519	27	+
320	805	27	+
650	678	27	+
111	241	27	+
359	580	27	+
262	490	27	+
624	936	27	+
209	248	27	+
151	372	27	+
372	880	27	+
61	576	27	+
180	865	27	+
547	813	27	+
646	884	27	+
142	370	27	+
334	368	27	+
602	734	27	+
489	542	27	+
181	342	27	+
181	609	27	+
955	1001	27	+
98	602	27	+
98	801	27	+
141	254	27	+
715	786	27	+
113	636	27	+
345	789	27	+
303	353	27	+
16	607	27	+
223	250	27	+
686	885	27	+
33	881	27	+
119	1002	27	+
221	387	27	+
365	711	27	+
239	736	27	+
301	730	27	+
404	878	27	+
629	778	27	+
569	702	27	+
668	837	27	+
48	506	27	+
48	979	27	+
52	688	27	+
529	700	27	+
76	528	27	+
645	807	27	+
416	691	27	+
24	844	27	+
515	810	27	+
434	627	27	+
59	705	27	+
90	417	27	+
218	266	27	+
218	619	27	+
692	776	27	+
123	202	27	+
119	561	27	+
119	668	27	+
98	949	27	+
344	437	27	+
523	533	27	+
295	657	27	+
66	957	27	+
85	883	27	+
182	719	27	+
7	831	27	+
219	404	27	+
192	745	27	+
82	214	27	+
82	935	27	+
214	935	27	+
77	443	27	+
77	466	27	+
508	541	27	+
574	743	27	+
731	953	27	+
166	190	27	+
162	891	27	+
576	628	27	+
473	869	27	+
155	401	27	+
142	434	27	+
154	799	27	+
371	514	27	+
563	674	27	+
188	633	27	+
284	737	27	+
380	913	27	+
40	625	27	+
224	429	27	+
13	551	27	+
404	961	27	+
689	737	26	+
545	925	26	+
302	871	26	+
744	905	26	+
604	655	26	+
402	681	26	+
98	138	26	+
138	734	26	+
82	198	26	+
115	543	26	+
84	365	26	+
624	836	26	+
122	858	26	+
614	873	26	+
514	516	26	+
147	169	26	+
171	587	26	+
246	698	26	+
246	815	26	+
246	947	26	+
436	959	26	+
280	805	26	+
33	948	26	+
294	829	26	+
451	545	26	+
39	411	26	+
314	391	26	+
69	832	26	+
730	832	26	+
115	893	26	+
593	862	26	+
537	753	26	+
226	365	26	+
101	873	26	+
81	765	26	+
313	328	26	+
102	427	26	+
480	701	26	+
59	719	26	+
27	379	26	+
5	904	26	+
216	904	26	+
242	981	26	+
98	531	26	+
43	672	26	+
128	515	26	+
396	957	26	+
340	993	26	+
89	626	26	+
364	408	26	+
408	596	26	+
93	541	26	+
168	895	26	+
701	978	26	+
219	878	26	+
88	995	26	+
595	995	26	+
908	995	26	+
224	343	26	+
83	738	26	+
325	738	26	+
850	906	26	+
554	773	26	+
39	701	26	+
519	701	26	+
633	701	26	+
25	256	26	+
426	547	26	+
362	975	26	+
716	748	26	+
576	667	26	+
341	383	26	+
565	980	26	+
661	746	26	+
328	334	26	+
51	624	26	+
290	573	26	+
166	199	26	+
32	991	26	+
387	589	26	+
557	785	26	+
812	898	26	+
241	337	26	+
565	764	26	+
15	527	26	+
15	880	26	+
127	521	26	+
414	755	26	+
94	803	26	+
86	976	26	+
273	832	26	+
222	502	26	+
327	407	26	+
887	969	26	+
253	591	26	+
73	667	26	+
30	289	26	+
236	411	26	+
728	797	26	+
1	509	26	+
313	509	26	+
512	769	26	+
512	931	26	+
967	995	26	+
300	698	26	+
193	364	26	+
364	425	26	+
48	583	26	+
16	472	26	+
596	665	26	+
4	303	26	+
705	956	26	+
497	968	26	+
354	662	26	+
259	665	26	+
238	737	26	+
353	610	26	+
576	884	26	+
489	745	26	+
61	567	26	+
298	920	26	+
579	838	26	+
173	648	26	+
350	718	26	+
599	749	26	+
38	713	26	+
97	468	26	+
210	999	26	+
198	362	26	+
415	683	26	+
535	961	26	+
248	428	26	+
455	812	26	+
227	999	26	+
18	858	26	+
641	992	26	+
286	593	26	+
771	870	26	+
535	878	26	+
390	816	26	+
70	195	26	+
752	880	26	+
276	508	26	+
276	541	26	+
196	920	26	+
179	195	26	+
636	666	26	+
29	951	26	+
384	518	26	+
609	675	26	+
27	530	26	+
280	667	26	+
67	272	26	+
553	741	26	+
161	663	26	+
323	829	26	+
531	801	26	+
76	101	25	+
442	877	25	+
523	885	25	+
62	580	25	+
376	747	25	+
747	776	25	+
747	841	25	+
185	721	25	+
339	593	25	+
268	651	25	+
602	887	25	+
532	638	25	+
84	527	25	+
84	590	25	+
459	784	25	+
561	838	25	+
563	808	25	+
869	923	25	+
218	236	25	+
236	266	25	+
88	409	25	+
180	191	25	+
191	732	25	+
240	980	25	+
253	365	25	+
71	338	25	+
62	785	25	+
531	734	25	+
216	354	25	+
221	972	25	+
268	434	25	+
332	616	25	+
511	741	25	+
109	151	25	+
109	591	25	+
64	944	25	+
47	846	25	+
98	946	25	+
174	946	25	+
863	946	25	+
650	842	25	+
448	645	25	+
18	618	25	+
921	998	25	+
243	688	25	+
240	936	25	+
689	986	25	+
111	197	25	+
197	431	25	+
303	593	25	+
204	839	25	+
387	972	25	+
666	694	25	+
235	283	25	+
931	951	25	+
146	990	25	+
105	949	25	+
543	673	25	+
875	999	25	+
927	999	25	+
1	516	25	+
371	516	25	+
209	360	25	+
217	341	25	+
217	383	25	+
713	910	25	+
215	579	25	+
65	689	25	+
277	689	25	+
105	965	25	+
190	327	25	+
422	981	25	+
719	956	25	+
66	877	25	+
164	416	25	+
831	973	25	+
393	487	25	+
418	656	25	+
168	283	25	+
283	286	25	+
111	132	25	+
755	880	25	+
690	944	25	+
577	952	25	+
687	797	25	+
24	86	25	+
24	976	25	+
443	455	25	+
549	706	25	+
408	468	25	+
673	996	25	+
408	843	25	+
173	813	25	+
392	870	25	+
305	668	25	+
264	442	25	+
619	851	25	+
107	462	25	+
668	950	25	+
687	728	25	+
895	966	25	+
130	537	25	+
161	835	25	+
713	747	25	+
315	641	25	+
558	641	25	+
244	401	25	+
235	966	25	+
205	858	25	+
370	381	25	+
221	589	25	+
589	889	25	+
667	884	25	+
475	788	25	+
600	607	25	+
760	969	25	+
55	270	25	+
177	708	25	+
618	814	25	+
333	922	25	+
338	625	25	+
626	750	25	+
415	880	25	+
207	573	25	+
333	393	25	+
683	799	25	+
135	489	25	+
61	628	25	+
444	465	25	+
626	697	25	+
120	834	25	+
616	861	25	+
82	706	25	+
214	706	25	+
706	935	25	+
570	743	25	+
228	897	25	+
59	182	25	+
2	982	25	+
387	889	25	+
223	854	25	+
527	683	25	+
522	576	25	+
522	628	25	+
202	536	25	+
532	939	25	+
84	414	25	+
84	880	25	+
104	544	25	+
558	618	25	+
15	711	25	+
590	711	25	+
45	692	25	+
22	970	25	+
926	970	25	+
264	481	25	+
396	813	25	+
358	864	25	+
96	691	25	+
93	508	25	+
353	718	25	+
17	802	25	+
531	965	25	+
484	712	25	+
430	685	25	+
629	685	25	+
145	933	25	+
50	952	25	+
324	367	25	+
63	997	25	+
227	647	25	+
400	953	25	+
476	953	25	+
537	1000	25	+
493	964	25	+
848	916	25	+
848	957	25	+
765	953	25	+
174	183	25	+
659	883	25	+
12	387	24	+
12	972	24	+
253	590	24	+
798	991	24	+
424	463	24	+
604	623	24	+
903	904	24	+
147	199	24	+
803	943	24	+
88	491	24	+
491	655	24	+
170	807	24	+
162	823	24	+
21	889	24	+
15	84	24	+
584	775	24	+
200	436	24	+
200	959	24	+
205	992	24	+
301	588	24	+
609	638	24	+
638	818	24	+
638	954	24	+
356	750	24	+
724	991	24	+
313	371	24	+
442	481	24	+
141	995	24	+
156	794	24	+
81	731	24	+
731	765	24	+
588	730	24	+
486	737	24	+
1	328	24	+
189	779	24	+
34	754	24	+
313	496	24	+
329	352	24	+
478	494	24	+
304	823	24	+
178	768	24	+
569	992	24	+
562	943	24	+
296	465	24	+
457	849	24	+
253	527	24	+
290	540	24	+
230	676	24	+
154	309	24	+
228	395	24	+
295	395	24	+
348	395	24	+
36	869	24	+
109	309	24	+
109	373	24	+
109	474	24	+
109	880	24	+
562	654	24	+
562	803	24	+
40	218	24	+
216	503	24	+
354	503	24	+
314	781	24	+
16	600	24	+
551	963	24	+
376	587	24	+
20	512	24	+
647	927	24	+
29	779	24	+
29	806	24	+
678	890	24	+
204	540	24	+
423	658	24	+
1	496	24	+
655	709	24	+
395	554	24	+
491	709	24	+
756	809	24	+
530	534	24	+
225	984	24	+
495	992	24	+
252	319	24	+
546	823	24	+
175	622	24	+
18	992	24	+
713	749	24	+
749	910	24	+
363	764	24	+
266	625	24	+
75	758	24	+
734	962	24	+
475	504	24	+
800	914	24	+
379	530	24	+
671	893	24	+
346	970	24	+
425	665	24	+
244	456	24	+
269	563	24	+
712	911	24	+
888	955	24	+
709	908	24	+
684	841	24	+
191	321	24	+
263	631	24	+
296	444	24	+
286	987	24	+
606	711	24	+
270	442	24	+
262	416	24	+
133	504	24	+
300	947	24	+
414	527	24	+
713	841	24	+
102	938	24	+
185	981	24	+
147	388	24	+
177	805	24	+
183	501	24	+
603	885	24	+
501	949	24	+
221	751	24	+
589	751	24	+
751	889	24	+
476	731	24	+
587	841	24	+
421	723	24	+
459	568	24	+
238	277	24	+
195	626	24	+
41	119	24	+
41	561	24	+
41	668	24	+
120	989	24	+
21	271	24	+
164	367	24	+
760	887	24	+
675	939	24	+
939	954	24	+
286	353	24	+
353	593	24	+
840	953	24	+
158	247	24	+
736	947	24	+
289	644	24	+
306	988	24	+
266	406	24	+
157	573	24	+
600	739	24	+
98	524	24	+
430	512	24	+
512	629	24	+
525	948	24	+
887	949	24	+
97	665	24	+
415	592	24	+
726	991	24	+
157	955	24	+
84	415	24	+
694	913	24	+
913	923	24	+
558	702	24	+
437	745	24	+
532	679	24	+
227	927	24	+
207	857	24	+
185	811	23	+
409	995	23	+
651	937	23	+
268	381	23	+
32	572	23	+
660	791	23	+
286	339	23	+
584	776	23	+
583	660	23	+
196	292	23	+
339	353	23	+
628	763	23	+
420	881	23	+
273	375	23	+
442	648	23	+
79	513	23	+
441	580	23	+
213	366	23	+
451	925	23	+
249	367	23	+
293	914	23	+
721	811	23	+
811	831	23	+
332	767	23	+
332	861	23	+
246	621	23	+
228	657	23	+
476	840	23	+
598	692	23	+
333	487	23	+
139	770	23	+
58	687	23	+
135	287	23	+
287	745	23	+
141	908	23	+
31	58	23	+
881	948	23	+
264	547	23	+
21	589	23	+
274	288	23	+
98	965	23	+
14	418	23	+
385	848	23	+
135	542	23	+
135	741	23	+
761	849	23	+
161	613	23	+
541	816	23	+
725	771	23	+
459	715	23	+
661	715	23	+
715	855	23	+
299	448	23	+
417	448	23	+
417	645	23	+
313	368	23	+
424	1001	23	+
620	990	23	+
697	750	23	+
814	992	23	+
189	915	23	+
31	728	23	+
116	158	23	+
410	521	23	+
572	726	23	+
198	549	23	+
77	455	23	+
571	891	23	+
232	457	23	+
705	997	23	+
214	549	23	+
176	856	23	+
20	931	23	+
512	997	23	+
931	997	23	+
400	731	23	+
409	908	23	+
509	632	23	+
759	868	23	+
640	955	23	+
177	884	23	+
624	980	23	+
372	591	23	+
246	495	23	+
184	369	23	+
512	714	23	+
724	726	23	+
33	420	23	+
144	220	23	+
727	957	23	+
438	529	23	+
529	560	23	+
133	872	23	+
786	982	23	+
397	723	23	+
222	490	23	+
411	882	23	+
519	882	23	+
53	326	23	+
560	700	23	+
403	819	23	+
141	491	23	+
845	963	23	+
593	966	23	+
784	982	23	+
46	523	23	+
263	614	23	+
242	422	23	+
365	527	23	+
664	760	23	+
147	355	23	+
59	272	23	+
919	997	23	+
381	627	23	+
56	302	23	+
302	340	23	+
283	593	23	+
72	385	23	+
72	661	23	+
655	995	23	+
133	883	23	+
278	883	23	+
475	883	23	+
188	882	23	+
458	459	23	+
301	482	23	+
73	708	23	+
802	917	23	+
69	273	23	+
466	898	23	+
187	912	23	+
468	866	23	+
561	1002	23	+
552	879	23	+
454	892	23	+
262	367	23	+
367	416	23	+
416	490	23	+
235	862	23	+
448	479	23	+
643	801	23	+
2	715	23	+
521	909	23	+
204	857	23	+
432	504	23	+
432	659	23	+
432	872	23	+
856	1003	23	+
171	584	23	+
159	841	23	+
841	910	23	+
191	999	23	+
287	489	23	+
4	283	23	+
283	303	23	+
309	372	23	+
713	776	23	+
434	682	23	+
491	967	23	+
713	787	23	+
747	787	23	+
895	952	23	+
556	777	23	+
413	913	23	+
205	641	23	+
299	826	23	+
141	426	23	+
886	976	23	+
106	630	23	+
805	884	23	+
90	299	23	+
506	660	23	+
21	387	23	+
135	344	23	+
135	352	23	+
344	489	23	+
114	924	23	+
851	918	23	+
468	900	23	+
316	417	23	+
641	858	23	+
858	992	23	+
655	908	23	+
84	755	23	+
398	672	23	+
36	473	23	+
365	974	23	+
24	317	23	+
311	920	23	+
370	682	23	+
64	879	23	+
81	953	23	+
339	924	23	+
319	586	23	+
146	620	23	+
590	592	23	+
747	775	23	+
348	657	23	+
45	599	23	+
122	814	23	+
159	775	23	+
573	640	23	+
62	359	23	+
595	655	23	+
168	339	23	+
339	862	23	+
169	199	23	+
661	848	23	+
661	916	23	+
661	957	23	+
347	997	23	+
385	784	23	+
34	738	22	+
286	582	22	+
98	760	22	+
734	760	22	+
386	687	22	+
142	937	22	+
231	275	22	+
283	795	22	+
675	818	22	+
665	843	22	+
524	602	22	+
655	925	22	+
396	727	22	+
209	605	22	+
466	574	22	+
100	286	22	+
185	831	22	+
11	728	22	+
19	228	22	+
19	657	22	+
361	514	22	+
173	945	22	+
40	266	22	+
315	992	22	+
702	992	22	+
24	843	22	+
97	843	22	+
240	985	22	+
287	352	22	+
142	627	22	+
268	627	22	+
75	402	22	+
71	176	22	+
103	494	22	+
110	261	22	+
394	921	22	+
100	582	22	+
459	982	22	+
267	712	22	+
288	896	22	+
869	913	22	+
370	434	22	+
296	704	22	+
516	632	22	+
431	850	22	+
390	541	22	+
527	606	22	+
295	897	22	+
348	897	22	+
395	897	22	+
584	749	22	+
587	749	22	+
182	272	22	+
636	913	22	+
657	773	22	+
166	407	22	+
664	965	22	+
879	944	22	+
364	468	22	+
468	596	22	+
412	920	22	+
520	924	22	+
409	655	22	+
372	373	22	+
45	684	22	+
540	640	22	+
540	955	22	+
320	708	22	+
320	884	22	+
232	901	22	+
73	280	22	+
117	939	22	+
313	632	22	+
636	694	22	+
946	969	22	+
682	937	22	+
328	361	22	+
134	832	22	+
218	918	22	+
129	394	22	+
215	837	22	+
490	502	22	+
368	632	22	+
775	776	22	+
550	922	22	+
196	298	22	+
359	441	22	+
71	266	22	+
439	911	22	+
342	638	22	+
108	392	22	+
376	749	22	+
685	931	22	+
159	999	22	+
62	557	22	+
272	683	22	+
738	907	22	+
431	699	22	+
2	855	22	+
44	535	22	+
645	826	22	+
97	900	22	+
408	900	22	+
866	900	22	+
149	151	22	+
604	1000	22	+
676	775	22	+
334	496	22	+
857	888	22	+
290	640	22	+
531	863	22	+
138	887	22	+
470	612	22	+
158	905	22	+
386	693	22	+
444	505	22	+
478	631	22	+
499	781	22	+
329	963	22	+
113	413	22	+
413	636	22	+
629	769	22	+
238	284	22	+
481	813	22	+
59	956	22	+
278	504	22	+
666	869	22	+
316	448	22	+
223	622	22	+
620	720	22	+
187	727	22	+
170	479	22	+
317	408	22	+
317	843	22	+
528	756	22	+
949	969	22	+
836	985	22	+
123	716	22	+
127	820	22	+
421	630	22	+
371	632	22	+
71	918	22	+
156	469	22	+
108	725	22	+
159	376	22	+
576	695	22	+
207	580	22	+
580	888	22	+
785	888	22	+
141	967	22	+
231	304	22	+
180	321	22	+
533	603	22	+
775	787	22	+
414	711	22	+
576	594	22	+
188	519	22	+
41	579	22	+
715	784	22	+
205	814	22	+
814	858	22	+
221	271	22	+
271	889	22	+
315	858	22	+
707	777	22	+
122	205	22	+
347	919	22	+
512	919	22	+
778	919	22	+
334	371	22	+
64	552	22	+
710	859	22	+
738	859	22	+
195	356	22	+
90	774	22	+
299	774	22	+
226	474	22	+
300	930	22	+
9	216	22	+
325	907	22	+
84	226	22	+
486	986	22	+
680	938	22	+
567	628	22	+
12	21	22	+
5	696	22	+
407	766	22	+
84	592	22	+
592	755	22	+
235	353	22	+
253	474	22	+
137	206	22	+
118	527	22	+
118	683	22	+
118	974	22	+
554	657	22	+
616	767	22	+
218	338	22	+
236	338	22	+
333	550	22	+
202	716	22	+
820	929	22	+
152	459	22	+
152	786	22	+
152	855	22	+
331	530	22	+
45	787	22	+
573	857	22	+
283	339	22	+
838	1002	22	+
377	786	22	+
2	458	22	+
4	593	22	+
18	569	22	+
602	965	22	+
150	212	22	+
106	260	22	+
25	341	22	+
168	610	22	+
339	610	22	+
610	862	22	+
385	916	22	+
385	957	22	+
11	31	22	+
11	585	22	+
69	588	22	+
679	818	22	+
441	557	21	+
4	286	21	+
4	582	21	+
72	152	21	+
152	377	21	+
46	533	21	+
46	885	21	+
533	885	21	+
375	730	21	+
450	757	21	+
72	982	21	+
377	982	21	+
365	415	21	+
614	809	21	+
216	349	21	+
61	941	21	+
576	941	21	+
752	799	21	+
401	518	21	+
796	805	21	+
240	565	21	+
100	350	21	+
286	350	21	+
225	846	21	+
480	882	21	+
24	259	21	+
259	844	21	+
729	831	21	+
729	973	21	+
49	901	21	+
105	863	21	+
173	345	21	+
345	945	21	+
517	989	21	+
139	899	21	+
42	357	21	+
414	683	21	+
97	259	21	+
259	843	21	+
878	961	21	+
34	325	21	+
601	876	21	+
734	949	21	+
61	763	21	+
35	248	21	+
377	715	21	+
294	933	21	+
101	614	21	+
160	650	21	+
511	542	21	+
511	845	21	+
542	845	21	+
383	447	21	+
132	792	21	+
391	792	21	+
792	906	21	+
376	875	21	+
98	643	21	+
643	863	21	+
643	946	21	+
162	485	21	+
376	713	21	+
12	889	21	+
4	353	21	+
592	606	21	+
43	471	21	+
525	881	21	+
242	973	21	+
5	349	21	+
567	941	21	+
199	556	21	+
346	926	21	+
647	875	21	+
15	592	21	+
228	554	21	+
496	516	21	+
155	804	21	+
401	804	21	+
108	198	21	+
108	217	21	+
764	980	21	+
345	513	21	+
23	307	21	+
253	255	21	+
593	833	21	+
12	751	21	+
30	644	21	+
352	437	21	+
82	217	21	+
217	362	21	+
468	637	21	+
450	867	21	+
41	305	21	+
711	755	21	+
60	231	21	+
546	891	21	+
540	857	21	+
702	858	21	+
84	683	21	+
109	253	21	+
295	554	21	+
385	746	21	+
565	624	21	+
565	936	21	+
346	428	21	+
47	206	21	+
715	848	21	+
184	471	21	+
471	672	21	+
263	617	21	+
272	415	21	+
394	998	21	+
18	558	21	+
18	814	21	+
122	558	21	+
250	860	21	+
522	941	21	+
846	984	21	+
736	819	21	+
290	955	21	+
647	910	21	+
79	945	21	+
669	740	21	+
500	742	21	+
173	264	21	+
207	1001	21	+
888	1001	21	+
409	709	21	+
932	960	21	+
391	499	21	+
646	667	21	+
335	771	21	+
177	667	21	+
478	634	21	+
6	928	21	+
114	940	21	+
585	797	21	+
71	358	21	+
391	431	21	+
453	867	21	+
222	297	21	+
297	502	21	+
449	468	21	+
443	574	21	+
574	898	21	+
259	317	21	+
11	687	21	+
727	916	21	+
324	490	21	+
522	695	21	+
394	793	21	+
337	742	21	+
66	916	21	+
259	408	21	+
10	597	21	+
32	165	21	+
584	599	21	+
599	775	21	+
801	887	21	+
587	775	21	+
303	350	21	+
159	230	21	+
717	977	21	+
7	538	21	+
587	713	21	+
711	880	21	+
37	570	21	+
222	416	21	+
523	603	21	+
76	756	21	+
277	737	21	+
433	522	21	+
587	599	21	+
226	755	21	+
427	578	21	+
427	680	21	+
310	808	21	+
154	372	21	+
357	399	21	+
453	757	21	+
431	499	21	+
528	932	21	+
369	398	21	+
350	593	21	+
593	718	21	+
66	424	21	+
424	957	21	+
734	887	21	+
587	598	21	+
877	957	21	+
236	918	21	+
86	449	21	+
100	235	21	+
100	353	21	+
100	593	21	+
96	297	21	+
377	459	21	+
239	930	21	+
695	763	21	+
889	972	21	+
335	772	21	+
751	972	21	+
418	435	21	+
212	767	21	+
119	597	21	+
495	896	21	+
764	985	21	+
152	982	21	+
855	982	21	+
807	826	21	+
117	675	21	+
203	702	21	+
674	808	21	+
768	819	21	+
493	653	21	+
653	688	21	+
104	545	21	+
634	809	21	+
256	447	21	+
154	752	21	+
442	714	21	+
210	713	21	+
164	324	21	+
227	875	21	+
772	935	21	+
261	384	21	+
45	587	21	+
836	980	21	+
7	422	20	+
174	760	20	+
198	706	20	+
69	134	20	+
692	749	20	+
80	177	20	+
410	929	20	+
91	364	20	+
361	739	20	+
525	817	20	+
250	854	20	+
646	708	20	+
236	519	20	+
763	941	20	+
597	668	20	+
173	513	20	+
70	89	20	+
164	249	20	+
426	595	20	+
194	901	20	+
171	787	20	+
587	787	20	+
84	974	20	+
11	958	20	+
728	958	20	+
10	668	20	+
185	729	20	+
185	973	20	+
167	765	20	+
217	772	20	+
23	313	20	+
370	937	20	+
131	755	20	+
11	58	20	+
831	981	20	+
139	604	20	+
604	770	20	+
339	987	20	+
14	611	20	+
173	789	20	+
575	987	20	+
231	759	20	+
253	309	20	+
237	294	20	+
657	897	20	+
88	709	20	+
248	360	20	+
360	428	20	+
214	772	20	+
70	750	20	+
446	561	20	+
34	907	20	+
315	569	20	+
558	569	20	+
330	886	20	+
63	347	20	+
44	219	20	+
44	961	20	+
494	617	20	+
363	980	20	+
468	844	20	+
150	332	20	+
568	855	20	+
430	919	20	+
189	951	20	+
119	837	20	+
446	837	20	+
615	663	20	+
207	839	20	+
197	850	20	+
197	906	20	+
151	154	20	+
20	769	20	+
769	997	20	+
377	848	20	+
105	664	20	+
602	664	20	+
513	945	20	+
185	422	20	+
185	538	20	+
328	516	20	+
496	632	20	+
126	781	20	+
820	909	20	+
45	598	20	+
598	684	20	+
335	870	20	+
162	546	20	+
647	841	20	+
482	730	20	+
131	592	20	+
128	810	20	+
242	831	20	+
163	839	20	+
822	905	20	+
205	618	20	+
205	702	20	+
917	971	20	+
337	500	20	+
561	579	20	+
212	332	20	+
788	872	20	+
170	417	20	+
197	499	20	+
144	997	20	+
327	766	20	+
411	978	20	+
882	978	20	+
160	828	20	+
215	597	20	+
400	765	20	+
174	734	20	+
47	137	20	+
789	945	20	+
66	396	20	+
629	997	20	+
685	997	20	+
159	227	20	+
210	227	20	+
72	715	20	+
72	848	20	+
623	770	20	+
160	678	20	+
47	225	20	+
222	249	20	+
175	854	20	+
442	813	20	+
212	861	20	+
828	890	20	+
237	829	20	+
4	339	20	+
839	955	20	+
839	1001	20	+
607	635	20	+
187	714	20	+
128	703	20	+
509	514	20	+
313	361	20	+
52	243	20	+
362	935	20	+
446	1002	20	+
547	908	20	+
789	925	20	+
314	431	20	+
314	906	20	+
304	891	20	+
521	929	20	+
24	866	20	+
86	866	20	+
866	976	20	+
726	867	20	+
376	775	20	+
623	753	20	+
863	962	20	+
410	909	20	+
16	739	20	+
607	739	20	+
381	651	20	+
35	510	20	+
255	755	20	+
543	671	20	+
179	651	20	+
789	920	20	+
335	608	20	+
286	924	20	+
45	584	20	+
45	775	20	+
370	627	20	+
439	712	20	+
241	792	20	+
742	792	20	+
162	571	20	+
264	714	20	+
786	848	20	+
236	633	20	+
411	633	20	+
430	997	20	+
597	1002	20	+
650	979	20	+
320	646	20	+
745	963	20	+
445	984	20	+
392	825	20	+
801	949	20	+
248	605	20	+
796	884	20	+
287	551	20	+
489	551	20	+
360	605	20	+
627	937	20	+
584	713	20	+
584	747	20	+
584	787	20	+
378	411	20	+
41	1002	20	+
579	1002	20	+
260	630	20	+
120	517	20	+
495	621	20	+
527	745	20	+
61	433	20	+
568	715	20	+
13	329	20	+
226	415	20	+
469	761	20	+
463	640	20	+
936	985	20	+
246	300	20	+
652	1003	20	+
34	306	20	+
223	860	20	+
168	795	20	+
66	746	20	+
66	982	20	+
424	746	20	+
424	982	20	+
746	957	20	+
957	982	20	+
409	491	20	+
319	336	20	+
646	805	20	+
622	854	20	+
119	467	20	+
498	537	20	+
495	947	20	+
145	323	20	+
39	480	20	+
694	869	20	+
102	680	20	+
240	764	20	+
350	592	20	+
464	639	20	+
724	757	20	+
4	28	20	+
396	877	20	+
714	877	20	+
462	495	20	+
246	930	20	+
187	442	20	+
45	376	20	+
45	841	20	+
676	927	20	+
527	711	20	+
227	910	20	+
875	910	20	+
661	982	20	+
57	674	20	+
665	900	20	+
286	610	20	+
286	862	20	+
479	645	20	+
198	256	20	+
276	390	20	+
757	991	20	+
924	987	20	+
618	858	20	+
163	785	20	+
795	862	19	+
38	841	19	+
15	131	19	+
131	253	19	+
131	590	19	+
138	602	19	+
602	760	19	+
428	605	19	+
515	703	19	+
630	723	19	+
24	637	19	+
173	442	19	+
8	892	19	+
98	887	19	+
98	962	19	+
242	538	19	+
602	946	19	+
887	946	19	+
4	235	19	+
474	592	19	+
5	415	19	+
56	847	19	+
140	208	19	+
154	880	19	+
167	424	19	+
16	635	19	+
4	100	19	+
257	800	19	+
743	812	19	+
417	479	19	+
80	320	19	+
84	253	19	+
126	132	19	+
126	906	19	+
474	974	19	+
68	576	19	+
359	785	19	+
335	725	19	+
410	594	19	+
547	967	19	+
283	966	19	+
79	925	19	+
466	540	19	+
155	244	19	+
96	324	19	+
611	810	19	+
40	172	19	+
201	686	19	+
190	801	19	+
376	684	19	+
684	713	19	+
249	262	19	+
347	685	19	+
329	489	19	+
234	699	19	+
234	781	19	+
73	646	19	+
646	722	19	+
141	604	19	+
38	45	19	+
45	776	19	+
10	838	19	+
316	807	19	+
120	934	19	+
172	882	19	+
711	974	19	+
94	457	19	+
317	425	19	+
230	999	19	+
109	372	19	+
372	474	19	+
316	774	19	+
29	874	19	+
724	798	19	+
577	876	19	+
498	604	19	+
14	994	19	+
198	214	19	+
198	935	19	+
164	490	19	+
611	656	19	+
505	902	19	+
573	785	19	+
642	970	19	+
377	746	19	+
372	799	19	+
591	799	19	+
371	496	19	+
7	721	19	+
281	470	19	+
662	696	19	+
760	946	19	+
338	851	19	+
273	730	19	+
207	540	19	+
253	414	19	+
253	683	19	+
741	845	19	+
459	746	19	+
746	784	19	+
746	786	19	+
607	846	19	+
486	612	19	+
281	486	19	+
190	199	19	+
344	553	19	+
344	845	19	+
344	963	19	+
485	891	19	+
408	425	19	+
602	863	19	+
863	887	19	+
126	919	19	+
199	407	19	+
61	522	19	+
720	990	19	+
205	315	19	+
478	756	19	+
505	744	19	+
287	329	19	+
636	869	19	+
115	671	19	+
157	839	19	+
243	653	19	+
608	975	19	+
716	975	19	+
581	874	19	+
165	726	19	+
405	570	19	+
420	525	19	+
288	495	19	+
705	719	19	+
38	584	19	+
347	629	19	+
154	474	19	+
291	917	19	+
253	755	19	+
934	989	19	+
86	317	19	+
317	866	19	+
317	976	19	+
639	925	19	+
595	604	19	+
35	360	19	+
504	883	19	+
385	855	19	+
291	762	19	+
706	975	19	+
772	975	19	+
187	482	19	+
187	588	19	+
482	588	19	+
482	912	19	+
588	912	19	+
259	900	19	+
450	726	19	+
396	916	19	+
187	957	19	+
306	710	19	+
364	665	19	+
241	500	19	+
500	792	19	+
460	797	19	+
504	788	19	+
373	591	19	+
565	985	19	+
386	728	19	+
69	482	19	+
324	819	19	+
836	936	19	+
365	414	19	+
614	756	19	+
484	911	19	+
289	497	19	+
644	968	19	+
77	211	19	+
211	466	19	+
99	911	19	+
845	911	19	+
736	815	19	+
50	895	19	+
200	497	19	+
200	968	19	+
443	812	19	+
299	316	19	+
237	933	19	+
599	910	19	+
363	565	19	+
537	604	19	+
78	914	19	+
124	159	19	+
489	527	19	+
123	536	19	+
291	802	19	+
105	258	19	+
1	514	19	+
90	826	19	+
417	826	19	+
300	736	19	+
458	715	19	+
226	683	19	+
226	711	19	+
415	711	19	+
170	774	19	+
21	751	19	+
41	446	19	+
446	668	19	+
65	238	19	+
527	592	19	+
592	880	19	+
698	736	19	+
226	592	19	+
292	298	19	+
592	974	19	+
24	408	19	+
86	408	19	+
408	449	19	+
392	725	19	+
924	940	19	+
66	463	19	+
463	746	19	+
463	957	19	+
463	982	19	+
856	864	19	+
403	830	19	+
37	743	19	+
57	310	19	+
592	752	19	+
206	846	19	+
385	568	19	+
821	989	19	+
144	452	19	+
136	470	19	+
345	403	19	+
350	966	19	+
592	966	19	+
628	695	19	+
140	959	19	+
80	667	19	+
125	741	19	+
320	796	19	+
166	322	19	+
190	322	19	+
45	740	19	+
359	557	19	+
34	649	19	+
699	906	19	+
94	853	19	+
654	853	19	+
273	482	19	+
131	880	19	+
245	436	19	+
775	910	19	+
867	991	19	+
50	601	19	+
601	952	19	+
281	612	19	+
179	937	19	+
434	937	19	+
364	843	19	+
437	511	19	+
437	553	19	+
511	553	19	+
511	963	19	+
233	261	19	+
233	384	19	+
306	649	19	+
131	683	19	+
197	391	19	+
197	781	19	+
908	967	19	+
547	595	18	+
159	647	18	+
467	936	18	+
268	312	18	+
845	860	18	+
114	551	18	+
520	551	18	+
551	987	18	+
40	519	18	+
198	608	18	+
608	706	18	+
608	772	18	+
837	1002	18	+
383	608	18	+
524	965	18	+
279	1000	18	+
192	489	18	+
119	838	18	+
112	768	18	+
169	355	18	+
13	352	18	+
91	425	18	+
399	718	18	+
602	962	18	+
946	962	18	+
88	254	18	+
254	491	18	+
254	655	18	+
142	179	18	+
18	315	18	+
147	327	18	+
327	707	18	+
494	809	18	+
79	789	18	+
319	326	18	+
290	888	18	+
110	233	18	+
90	448	18	+
135	551	18	+
136	689	18	+
775	841	18	+
233	488	18	+
280	884	18	+
71	851	18	+
100	339	18	+
582	593	18	+
344	568	18	+
226	414	18	+
457	853	18	+
754	907	18	+
859	988	18	+
103	506	18	+
263	506	18	+
226	974	18	+
164	502	18	+
545	945	18	+
266	519	18	+
314	699	18	+
222	324	18	+
8	894	18	+
420	817	18	+
482	500	18	+
313	516	18	+
542	553	18	+
126	391	18	+
594	909	18	+
306	907	18	+
113	694	18	+
431	792	18	+
43	144	18	+
234	431	18	+
287	437	18	+
70	356	18	+
86	886	18	+
847	871	18	+
88	141	18	+
190	407	18	+
407	801	18	+
275	571	18	+
165	867	18	+
704	902	18	+
453	798	18	+
561	597	18	+
125	511	18	+
88	604	18	+
114	593	18	+
255	592	18	+
255	606	18	+
38	775	18	+
138	643	18	+
643	962	18	+
361	368	18	+
71	652	18	+
71	856	18	+
193	468	18	+
746	855	18	+
5	903	18	+
216	903	18	+
227	230	18	+
236	978	18	+
656	790	18	+
36	636	18	+
36	913	18	+
485	823	18	+
185	242	18	+
167	640	18	+
874	951	18	+
741	745	18	+
349	354	18	+
349	503	18	+
298	530	18	+
298	412	18	+
255	791	18	+
710	907	18	+
89	697	18	+
403	768	18	+
423	977	18	+
40	619	18	+
451	945	18	+
88	426	18	+
137	984	18	+
512	951	18	+
714	931	18	+
714	951	18	+
211	570	18	+
305	837	18	+
6	529	18	+
419	555	18	+
245	677	18	+
35	428	18	+
255	590	18	+
592	711	18	+
365	880	18	+
781	850	18	+
781	906	18	+
69	375	18	+
375	588	18	+
71	236	18	+
276	816	18	+
170	645	18	+
215	1002	18	+
726	757	18	+
4	350	18	+
20	144	18	+
93	816	18	+
625	780	18	+
414	415	18	+
263	809	18	+
478	809	18	+
301	832	18	+
315	814	18	+
749	776	18	+
90	258	18	+
155	456	18	+
456	518	18	+
715	746	18	+
746	848	18	+
226	272	18	+
71	864	18	+
520	575	18	+
106	397	18	+
260	397	18	+
161	631	18	+
408	844	18	+
664	949	18	+
176	358	18	+
166	327	18	+
388	423	18	+
288	462	18	+
334	361	18	+
361	496	18	+
473	923	18	+
101	932	18	+
126	699	18	+
470	486	18	+
38	684	18	+
76	873	18	+
417	498	18	+
299	807	18	+
168	582	18	+
283	582	18	+
344	542	18	+
148	729	18	+
422	729	18	+
538	729	18	+
494	631	18	+
15	365	18	+
255	365	18	+
432	788	18	+
197	314	18	+
912	957	18	+
108	870	18	+
97	113	18	+
685	769	18	+
559	794	18	+
31	797	18	+
235	610	18	+
303	610	18	+
191	865	18	+
156	457	18	+
612	689	18	+
26	335	18	+
112	679	18	+
342	679	18	+
592	683	18	+
8	461	18	+
470	737	18	+
174	501	18	+
259	425	18	+
365	752	18	+
42	372	18	+
593	987	18	+
208	959	18	+
49	849	18	+
430	769	18	+
430	931	18	+
564	591	18	+
335	935	18	+
542	963	18	+
13	344	18	+
875	971	18	+
193	900	18	+
364	900	18	+
596	900	18	+
590	755	18	+
169	556	18	+
169	707	18	+
193	665	18	+
45	713	18	+
432	883	18	+
353	966	18	+
124	230	18	+
60	571	18	+
89	356	18	+
163	955	18	+
292	920	18	+
41	950	18	+
446	950	18	+
268	937	18	+
200	644	18	+
354	903	18	+
662	903	18	+
79	173	18	+
342	532	18	+
76	932	18	+
41	467	18	+
467	579	18	+
467	1002	18	+
90	645	18	+
90	807	18	+
140	245	18	+
458	784	18	+
480	519	18	+
736	900	18	+
598	669	18	+
424	912	18	+
377	539	18	+
328	371	18	+
135	437	18	+
740	776	18	+
479	826	18	+
240	363	18	+
41	838	18	+
119	579	18	+
579	668	18	+
668	838	18	+
229	366	18	+
106	723	18	+
146	528	18	+
63	919	18	+
824	941	18	+
593	610	18	+
6	438	18	+
457	654	18	+
568	746	18	+
640	765	18	+
323	933	18	+
365	755	18	+
132	850	18	+
28	321	18	+
109	575	18	+
398	471	18	+
144	430	18	+
144	512	18	+
144	769	18	+
70	697	18	+
246	736	18	+
289	677	18	+
644	677	18	+
197	234	18	+
171	669	18	+
226	253	18	+
654	943	18	+
423	717	18	+
71	218	18	+
665	866	18	+
31	958	18	+
32	798	18	+
618	992	18	+
873	932	18	+
365	590	18	+
511	745	18	+
279	645	18	+
729	981	18	+
499	906	18	+
318	383	18	+
385	424	18	+
424	661	18	+
424	848	18	+
424	916	18	+
643	734	18	+
584	684	18	+
536	716	18	+
226	255	18	+
255	415	18	+
584	676	18	+
635	739	18	+
258	448	18	+
41	597	18	+
762	971	18	+
141	547	17	+
7	729	17	+
138	183	17	+
183	760	17	+
583	791	17	+
174	602	17	+
18	205	17	+
298	311	17	+
275	304	17	+
230	713	17	+
412	530	17	+
148	613	17	+
363	794	17	+
675	679	17	+
725	825	17	+
669	776	17	+
862	966	17	+
359	736	17	+
528	614	17	+
216	696	17	+
624	985	17	+
254	709	17	+
175	860	17	+
877	916	17	+
126	197	17	+
126	431	17	+
70	626	17	+
461	892	17	+
708	805	17	+
103	631	17	+
524	531	17	+
259	827	17	+
49	232	17	+
153	550	17	+
19	773	17	+
228	773	17	+
764	836	17	+
97	317	17	+
177	280	17	+
533	686	17	+
278	872	17	+
163	573	17	+
345	925	17	+
925	945	17	+
361	635	17	+
591	880	17	+
148	721	17	+
302	993	17	+
339	718	17	+
567	763	17	+
167	1001	17	+
64	247	17	+
368	371	17	+
34	859	17	+
429	766	17	+
552	690	17	+
329	745	17	+
187	916	17	+
382	620	17	+
417	774	17	+
417	807	17	+
774	807	17	+
688	850	17	+
338	918	17	+
681	915	17	+
308	533	17	+
503	904	17	+
15	683	17	+
86	468	17	+
468	886	17	+
351	984	17	+
15	606	17	+
201	533	17	+
433	763	17	+
157	765	17	+
377	661	17	+
414	606	17	+
322	766	17	+
215	642	17	+
261	374	17	+
26	825	17	+
450	453	17	+
116	744	17	+
203	992	17	+
487	550	17	+
362	706	17	+
779	874	17	+
105	531	17	+
542	551	17	+
551	741	17	+
111	500	17	+
146	382	17	+
227	415	17	+
415	647	17	+
415	875	17	+
415	927	17	+
292	530	17	+
26	725	17	+
101	528	17	+
292	412	17	+
87	819	17	+
178	819	17	+
79	345	17	+
636	923	17	+
695	884	17	+
522	763	17	+
450	572	17	+
365	372	17	+
513	782	17	+
259	468	17	+
259	866	17	+
361	371	17	+
134	730	17	+
363	501	17	+
565	887	17	+
887	936	17	+
887	980	17	+
936	980	17	+
678	842	17	+
17	762	17	+
253	373	17	+
373	414	17	+
373	683	17	+
9	354	17	+
450	991	17	+
377	385	17	+
517	834	17	+
303	865	17	+
111	337	17	+
266	338	17	+
514	632	17	+
210	749	17	+
210	776	17	+
648	813	17	+
62	441	17	+
457	761	17	+
449	886	17	+
426	655	17	+
129	793	17	+
321	554	17	+
51	1002	17	+
522	824	17	+
95	933	17	+
314	499	17	+
23	361	17	+
176	1003	17	+
358	652	17	+
358	1003	17	+
159	584	17	+
590	979	17	+
257	293	17	+
300	621	17	+
294	323	17	+
168	303	17	+
303	582	17	+
322	556	17	+
53	319	17	+
37	405	17	+
467	668	17	+
15	415	17	+
58	797	17	+
387	751	17	+
380	413	17	+
380	869	17	+
55	813	17	+
279	514	17	+
715	982	17	+
595	967	17	+
267	484	17	+
264	813	17	+
42	353	17	+
42	399	17	+
42	833	17	+
3	615	17	+
347	931	17	+
638	679	17	+
183	564	17	+
457	943	17	+
243	581	17	+
136	737	17	+
81	840	17	+
132	549	17	+
271	972	17	+
267	439	17	+
253	799	17	+
592	799	17	+
275	868	17	+
359	663	17	+
133	371	17	+
363	985	17	+
435	790	17	+
137	351	17	+
225	351	17	+
361	472	17	+
727	877	17	+
122	641	17	+
122	992	17	+
50	568	17	+
10	1002	17	+
372	564	17	+
564	752	17	+
200	245	17	+
87	324	17	+
116	505	17	+
225	445	17	+
524	949	17	+
114	582	17	+
327	556	17	+
211	443	17	+
839	888	17	+
499	699	17	+
342	954	17	+
558	858	17	+
469	559	17	+
402	758	17	+
617	631	17	+
506	583	17	+
287	741	17	+
260	421	17	+
260	723	17	+
385	458	17	+
385	715	17	+
312	370	17	+
608	935	17	+
526	640	17	+
449	976	17	+
676	875	17	+
428	970	17	+
269	674	17	+
266	851	17	+
648	714	17	+
275	891	17	+
585	728	17	+
9	503	17	+
416	502	17	+
432	475	17	+
63	430	17	+
253	606	17	+
152	385	17	+
66	765	17	+
424	765	17	+
746	765	17	+
765	957	17	+
765	982	17	+
768	830	17	+
317	844	17	+
108	716	17	+
853	943	17	+
267	424	17	+
85	788	17	+
463	955	17	+
55	264	17	+
152	422	17	+
10	119	17	+
10	467	17	+
440	657	17	+
367	502	17	+
406	813	17	+
258	316	17	+
449	637	17	+
115	996	17	+
367	691	17	+
74	621	17	+
587	747	17	+
69	138	17	+
292	311	17	+
597	838	17	+
78	782	17	+
129	942	17	+
120	821	17	+
82	975	17	+
20	312	17	+
74	570	17	+
108	362	17	+
169	674	17	+
169	808	17	+
181	675	17	+
26	771	17	+
132	499	17	+
29	581	17	+
315	618	17	+
18	345	17	+
181	532	17	+
358	964	17	+
20	430	17	+
20	629	17	+
20	685	17	+
163	640	17	+
640	857	17	+
327	355	17	+
165	991	17	+
595	709	17	+
662	904	17	+
334	632	17	+
190	707	17	+
210	747	17	+
570	574	17	+
203	495	17	+
774	826	17	+
90	170	17	+
552	734	17	+
734	879	17	+
353	921	17	+
111	391	17	+
111	781	17	+
103	699	17	+
17	971	17	+
93	276	17	+
83	988	16	+
355	777	16	+
153	515	16	+
15	118	16	+
118	131	16	+
118	253	16	+
118	590	16	+
213	668	16	+
213	937	16	+
668	937	16	+
409	604	16	+
604	995	16	+
402	741	16	+
681	741	16	+
151	752	16	+
291	899	16	+
84	628	16	+
270	813	16	+
151	498	16	+
413	666	16	+
413	694	16	+
513	544	16	+
439	641	16	+
121	268	16	+
121	434	16	+
121	651	16	+
669	916	16	+
692	916	16	+
740	916	16	+
776	916	16	+
324	326	16	+
661	786	16	+
755	785	16	+
139	680	16	+
762	917	16	+
577	601	16	+
611	703	16	+
415	474	16	+
640	828	16	+
518	804	16	+
344	741	16	+
376	927	16	+
253	622	16	+
599	684	16	+
100	610	16	+
350	610	16	+
368	863	16	+
518	985	16	+
206	848	16	+
351	848	16	+
132	699	16	+
699	792	16	+
24	468	16	+
216	713	16	+
435	810	16	+
497	722	16	+
36	743	16	+
720	983	16	+
334	514	16	+
334	516	16	+
112	181	16	+
181	638	16	+
181	818	16	+
181	954	16	+
50	196	16	+
394	942	16	+
517	934	16	+
15	858	16	+
469	735	16	+
428	926	16	+
575	924	16	+
6	560	16	+
412	534	16	+
20	778	16	+
17	727	16	+
178	664	16	+
201	214	16	+
556	802	16	+
560	985	16	+
491	908	16	+
382	657	16	+
620	657	16	+
234	351	16	+
530	818	16	+
557	580	16	+
316	479	16	+
446	467	16	+
467	561	16	+
467	838	16	+
457	559	16	+
539	680	16	+
135	963	16	+
159	676	16	+
130	764	16	+
43	398	16	+
451	772	16	+
170	863	16	+
602	643	16	+
122	315	16	+
30	497	16	+
480	983	16	+
882	983	16	+
576	763	16	+
606	683	16	+
499	850	16	+
175	652	16	+
330	468	16	+
330	844	16	+
136	612	16	+
583	929	16	+
962	969	16	+
121	142	16	+
2	568	16	+
262	324	16	+
613	615	16	+
59	600	16	+
600	719	16	+
5	354	16	+
84	606	16	+
144	176	16	+
176	769	16	+
584	669	16	+
587	669	16	+
669	749	16	+
40	406	16	+
735	794	16	+
159	927	16	+
280	722	16	+
280	796	16	+
560	928	16	+
844	866	16	+
776	787	16	+
514	829	16	+
117	181	16	+
19	348	16	+
176	864	16	+
652	864	16	+
127	709	16	+
502	691	16	+
6	700	16	+
48	898	16	+
252	586	16	+
89	750	16	+
87	768	16	+
695	824	16	+
101	756	16	+
598	776	16	+
270	481	16	+
121	179	16	+
354	961	16	+
149	498	16	+
168	353	16	+
283	353	16	+
329	772	16	+
91	596	16	+
409	967	16	+
501	760	16	+
501	946	16	+
501	969	16	+
7	242	16	+
101	494	16	+
494	528	16	+
616	779	16	+
572	991	16	+
149	417	16	+
848	855	16	+
99	267	16	+
256	318	16	+
540	839	16	+
445	846	16	+
756	873	16	+
302	458	16	+
328	964	16	+
544	639	16	+
38	599	16	+
73	80	16	+
24	330	16	+
170	299	16	+
166	766	16	+
110	488	16	+
651	682	16	+
38	732	16	+
464	545	16	+
392	771	16	+
647	775	16	+
172	266	16	+
602	969	16	+
863	969	16	+
204	207	16	+
593	795	16	+
795	966	16	+
272	592	16	+
658	717	16	+
486	689	16	+
763	824	16	+
305	467	16	+
2	784	16	+
652	723	16	+
793	998	16	+
847	993	16	+
45	387	16	+
647	676	16	+
466	812	16	+
170	826	16	+
210	584	16	+
407	911	16	+
571	759	16	+
242	729	16	+
83	649	16	+
325	649	16	+
649	754	16	+
270	877	16	+
321	732	16	+
641	814	16	+
601	895	16	+
437	489	16	+
46	846	16	+
80	796	16	+
451	544	16	+
667	695	16	+
74	691	16	+
386	958	16	+
624	764	16	+
619	918	16	+
265	343	16	+
12	589	16	+
455	574	16	+
482	832	16	+
130	624	16	+
556	872	16	+
707	872	16	+
170	258	16	+
32	726	16	+
528	873	16	+
506	842	16	+
842	979	16	+
138	946	16	+
14	435	16	+
397	954	16	+
521	894	16	+
634	873	16	+
96	502	16	+
297	324	16	+
324	502	16	+
565	693	16	+
354	696	16	+
201	878	16	+
72	568	16	+
335	825	16	+
667	708	16	+
540	888	16	+
444	902	16	+
243	806	16	+
264	877	16	+
318	668	16	+
175	360	16	+
165	572	16	+
671	673	16	+
307	496	16	+
74	734	16	+
627	651	16	+
34	423	16	+
83	423	16	+
423	907	16	+
33	798	16	+
863	965	16	+
55	442	16	+
65	351	16	+
843	844	16	+
258	299	16	+
468	843	16	+
23	368	16	+
363	803	16	+
600	917	16	+
368	413	16	+
365	426	16	+
217	780	16	+
608	780	16	+
266	411	16	+
266	633	16	+
568	952	16	+
28	222	16	+
422	669	16	+
363	936	16	+
338	898	16	+
109	114	16	+
109	582	16	+
378	519	16	+
435	994	16	+
847	878	16	+
515	985	16	+
639	893	16	+
679	954	16	+
548	775	16	+
121	370	16	+
121	381	16	+
422	678	16	+
135	329	16	+
279	501	16	+
806	874	16	+
352	551	16	+
683	755	16	+
458	982	16	+
327	574	16	+
355	574	16	+
458	855	16	+
300	815	16	+
334	470	16	+
97	596	16	+
35	346	16	+
35	926	16	+
35	970	16	+
80	884	16	+
26	392	16	+
137	846	16	+
459	845	16	+
173	872	16	+
648	872	16	+
714	872	16	+
329	344	16	+
23	663	16	+
880	974	16	+
218	852	16	+
302	847	16	+
98	105	16	+
299	574	16	+
204	888	16	+
621	930	16	+
387	895	16	+
769	919	16	+
582	610	16	+
133	432	16	+
392	935	16	+
17	877	16	+
291	919	16	+
130	498	16	+
418	810	16	+
187	813	16	+
648	877	16	+
381	682	16	+
343	483	16	+
949	962	16	+
297	367	16	+
297	691	16	+
546	571	16	+
2	152	16	+
464	544	16	+
464	925	16	+
317	468	16	+
410	681	16	+
63	629	16	+
497	677	16	+
167	526	16	+
152	784	16	+
517	873	16	+
451	733	16	+
370	878	16	+
200	994	16	+
144	366	16	+
366	452	16	+
211	743	16	+
803	853	16	+
118	606	16	+
684	787	16	+
41	215	16	+
158	273	16	+
118	711	16	+
426	724	16	+
753	1000	16	+
207	640	16	+
385	786	16	+
407	798	16	+
49	506	16	+
151	474	16	+
560	774	16	+
560	826	16	+
82	108	16	+
372	982	16	+
235	895	16	+
376	910	15	+
131	711	15	+
421	768	15	+
215	951	15	+
837	951	15	+
331	412	15	+
504	911	15	+
40	391	15	+
391	519	15	+
200	313	15	+
634	693	15	+
66	912	15	+
396	912	15	+
604	709	15	+
288	710	15	+
304	571	15	+
362	383	15	+
60	868	15	+
206	468	15	+
286	795	15	+
339	795	15	+
854	986	15	+
238	285	15	+
289	408	15	+
63	844	15	+
417	941	15	+
277	399	15	+
385	554	15	+
385	897	15	+
554	916	15	+
897	916	15	+
282	733	15	+
206	923	15	+
14	637	15	+
380	836	15	+
13	745	15	+
361	790	15	+
739	790	15	+
223	363	15	+
250	363	15	+
363	854	15	+
132	234	15	+
107	913	15	+
64	393	15	+
38	416	15	+
146	248	15	+
109	924	15	+
445	734	15	+
1	334	15	+
441	629	15	+
580	629	15	+
394	876	15	+
374	384	15	+
309	752	15	+
309	799	15	+
318	930	15	+
40	486	15	+
226	527	15	+
98	364	15	+
420	545	15	+
5	503	15	+
368	892	15	+
863	892	15	+
304	868	15	+
145	320	15	+
49	612	15	+
232	612	15	+
258	770	15	+
210	376	15	+
293	627	15	+
162	692	15	+
397	630	15	+
498	631	15	+
378	480	15	+
259	976	15	+
844	976	15	+
36	160	15	+
160	743	15	+
391	850	15	+
22	428	15	+
2	645	15	+
257	782	15	+
439	484	15	+
696	793	15	+
23	334	15	+
23	371	15	+
23	514	15	+
23	516	15	+
313	334	15	+
481	547	15	+
413	765	15	+
156	742	15	+
382	634	15	+
55	955	15	+
778	848	15	+
942	998	15	+
411	701	15	+
413	473	15	+
287	542	15	+
314	444	15	+
391	444	15	+
95	226	15	+
95	365	15	+
95	414	15	+
95	683	15	+
95	711	15	+
308	617	15	+
373	974	15	+
645	911	15	+
285	810	15	+
260	778	15	+
61	68	15	+
496	514	15	+
12	221	15	+
72	111	15	+
111	746	15	+
404	582	15	+
91	340	15	+
734	965	15	+
949	965	15	+
567	1000	15	+
38	645	15	+
124	552	15	+
461	894	15	+
778	931	15	+
196	868	15	+
249	324	15	+
388	717	15	+
756	855	15	+
28	191	15	+
444	447	15	+
179	312	15	+
184	354	15	+
922	971	15	+
303	549	15	+
774	787	15	+
376	410	15	+
187	396	15	+
232	786	15	+
243	493	15	+
45	875	15	+
186	201	15	+
594	628	15	+
594	941	15	+
357	640	15	+
37	143	15	+
314	368	15	+
413	680	15	+
279	803	15	+
632	994	15	+
126	234	15	+
126	351	15	+
234	391	15	+
351	391	15	+
351	699	15	+
594	820	15	+
269	396	15	+
116	251	15	+
58	585	15	+
353	862	15	+
830	995	15	+
21	103	15	+
236	474	15	+
95	217	15	+
58	958	15	+
200	208	15	+
43	369	15	+
655	852	15	+
100	833	15	+
558	995	15	+
15	548	15	+
171	769	15	+
327	801	15	+
519	647	15	+
570	732	15	+
529	925	15	+
897	937	15	+
478	493	15	+
397	421	15	+
415	606	15	+
606	880	15	+
103	787	15	+
472	635	15	+
583	989	15	+
929	989	15	+
664	962	15	+
664	969	15	+
48	987	15	+
313	484	15	+
368	484	15	+
118	365	15	+
22	992	15	+
574	844	15	+
584	933	15	+
668	918	15	+
4	718	15	+
235	718	15	+
40	780	15	+
519	780	15	+
705	721	15	+
460	958	15	+
344	670	15	+
352	670	15	+
338	540	15	+
559	735	15	+
689	898	15	+
898	986	15	+
276	835	15	+
194	457	15	+
14	790	15	+
111	821	15	+
105	745	15	+
907	988	15	+
335	392	15	+
23	829	15	+
313	829	15	+
561	837	15	+
261	653	15	+
349	662	15	+
503	662	15	+
84	227	15	+
84	647	15	+
84	875	15	+
84	927	15	+
508	679	15	+
478	614	15	+
561	950	15	+
197	699	15	+
161	615	15	+
111	699	15	+
19	72	15	+
239	947	15	+
736	930	15	+
19	897	15	+
375	832	15	+
58	378	15	+
153	372	15	+
239	495	15	+
495	698	15	+
283	767	15	+
753	899	15	+
301	556	15	+
574	676	15	+
574	927	15	+
574	999	15	+
676	743	15	+
743	927	15	+
743	999	15	+
60	304	15	+
207	684	15	+
171	776	15	+
41	903	15	+
479	807	15	+
265	483	15	+
61	361	15	+
67	223	15	+
695	722	15	+
312	627	15	+
396	512	15	+
396	931	15	+
396	951	15	+
46	453	15	+
152	599	15	+
182	569	15	+
181	903	15	+
903	939	15	+
243	497	15	+
52	964	15	+
688	964	15	+
501	863	15	+
760	863	15	+
363	887	15	+
501	565	15	+
501	887	15	+
501	936	15	+
501	980	15	+
567	594	15	+
699	850	15	+
562	853	15	+
170	448	15	+
253	974	15	+
225	524	15	+
458	847	15	+
217	447	15	+
322	327	15	+
472	739	15	+
38	376	15	+
123	533	15	+
364	540	15	+
17	804	15	+
10	661	15	+
10	746	15	+
94	943	15	+
472	951	15	+
650	828	15	+
678	828	15	+
239	510	15	+
220	826	15	+
357	987	15	+
244	373	15	+
400	710	15	+
400	988	15	+
589	799	15	+
702	814	15	+
874	878	15	+
210	599	15	+
835	951	15	+
510	768	15	+
790	825	15	+
63	685	15	+
63	778	15	+
63	931	15	+
685	778	15	+
778	997	15	+
138	863	15	+
75	506	15	+
402	506	15	+
32	495	15	+
495	867	15	+
289	822	15	+
23	622	15	+
198	243	15	+
148	185	15	+
723	1003	15	+
571	868	15	+
79	875	15	+
345	875	15	+
875	925	15	+
227	376	15	+
281	931	15	+
628	824	15	+
420	541	15	+
315	901	15	+
116	360	15	+
855	968	15	+
234	645	15	+
875	985	15	+
341	824	15	+
851	961	15	+
267	879	15	+
34	463	15	+
426	578	15	+
148	831	15	+
367	967	15	+
133	225	15	+
524	887	15	+
474	487	15	+
474	799	15	+
487	799	15	+
401	522	15	+
324	849	15	+
963	972	15	+
467	908	15	+
668	908	15	+
444	704	15	+
505	704	15	+
310	809	15	+
802	967	15	+
51	612	15	+
619	884	15	+
884	918	15	+
317	894	15	+
528	960	15	+
170	316	15	+
206	875	15	+
20	347	15	+
539	578	15	+
683	880	15	+
181	679	15	+
132	314	15	+
550	906	15	+
351	352	15	+
640	839	15	+
623	899	15	+
899	1000	15	+
38	749	15	+
159	587	15	+
159	810	15	+
587	810	15	+
599	810	15	+
776	810	15	+
149	1000	15	+
156	732	15	+
457	732	15	+
324	691	15	+
361	526	15	+
33	525	15	+
339	582	15	+
501	602	15	+
574	812	15	+
427	864	15	+
864	938	15	+
108	706	15	+
108	772	15	+
108	975	15	+
35	642	15	+
139	759	15	+
276	761	15	+
522	693	15	+
522	906	15	+
693	906	15	+
96	963	15	+
811	852	15	+
78	540	15	+
78	888	15	+
198	365	15	+
198	592	15	+
198	683	15	+
309	939	15	+
78	800	15	+
104	464	15	+
466	638	15	+
198	639	15	+
407	424	15	+
199	522	15	+
726	826	15	+
255	829	15	+
590	829	15	+
755	829	15	+
302	410	15	+
50	960	15	+
74	602	15	+
733	832	15	+
53	938	15	+
373	592	15	+
373	799	15	+
536	540	15	+
313	397	15	+
111	442	15	+
275	759	15	+
676	686	15	+
843	866	15	+
844	900	15	+
307	702	15	+
27	680	15	+
231	992	15	+
658	809	15	+
27	331	15	+
58	728	15	+
257	888	15	+
676	910	15	+
316	458	15	+
202	489	15	+
588	832	15	+
133	189	15	+
426	590	15	+
38	587	15	+
474	564	15	+
474	591	15	+
474	752	15	+
564	799	15	+
47	984	15	+
513	572	15	+
458	661	15	+
506	730	15	+
565	906	15	+
382	768	15	+
64	192	15	+
625	898	15	+
38	490	15	+
13	892	15	+
344	892	15	+
513	738	15	+
142	463	15	+
203	649	15	+
636	742	15	+
247	947	15	+
300	495	15	+
573	989	15	+
727	912	15	+
778	1003	15	+
98	347	15	+
154	253	15	+
200	232	15	+
200	457	15	+
200	901	15	+
96	416	15	+
697	986	15	+
204	573	15	+
142	312	15	+
312	682	15	+
639	671	15	+
130	730	15	+
923	962	15	+
442	647	15	+
790	994	15	+
76	809	15	+
528	809	15	+
809	932	15	+
244	271	15	+
271	401	15	+
329	551	15	+
784	848	15	+
279	676	15	+
433	941	15	+
259	449	15	+
677	807	15	+
279	962	15	+
501	962	15	+
52	474	15	+
474	653	15	+
458	746	15	+
710	725	15	+
725	754	15	+
282	744	15	+
326	707	15	+
174	680	15	+
47	351	15	+
75	352	15	+
189	352	15	+
352	681	15	+
160	878	15	+
33	903	15	+
192	542	15	+
192	741	15	+
181	260	15	+
181	421	15	+
181	630	15	+
181	723	15	+
90	394	15	+
511	860	15	+
68	433	15	+
68	567	15	+
192	329	15	+
591	912	15	+
17	522	15	+
89	650	15	+
149	645	15	+
187	877	15	+
29	446	15	+
226	799	15	+
365	799	15	+
690	879	15	+
538	609	15	+
538	675	15	+
236	854	15	+
107	759	15	+
395	657	15	+
524	664	15	+
157	640	15	+
255	290	15	+
255	857	15	+
637	886	15	+
12	271	15	+
139	563	15	+
97	936	15	+
275	833	15	+
427	669	15	+
669	680	15	+
194	238	15	+
839	859	15	+
12	588	15	+
189	961	15	+
320	582	15	+
934	967	15	+
16	325	15	+
16	907	15	+
6	348	15	+
368	516	15	+
110	583	15	+
254	908	15	+
317	665	15	+
53	727	15	+
134	375	15	+
721	729	15	+
19	809	15	+
507	623	15	+
305	366	15	+
90	851	15	+
243	964	15	+
147	538	15	+
21	219	15	+
230	875	15	+
494	756	15	+
568	786	15	+
168	350	15	+
168	592	15	+
592	593	15	+
721	772	15	+
533	729	15	+
684	747	15	+
276	889	15	+
619	813	15	+
346	772	15	+
80	863	15	+
667	863	15	+
722	863	15	+
224	483	15	+
608	883	15	+
113	666	15	+
113	923	15	+
142	878	15	+
196	530	15	+
368	642	15	+
127	532	15	+
127	638	15	+
226	591	15	+
357	514	15	+
399	514	15	+
200	418	15	+
71	780	15	+
218	780	15	+
640	888	15	+
372	424	15	+
47	321	15	+
225	321	15	+
59	536	15	+
4	966	15	+
339	966	15	+
222	535	15	+
182	359	15	+
381	937	15	+
54	731	15	+
45	910	15	+
569	618	15	+
785	905	15	+
174	949	15	+
18	702	15	+
566	605	15	+
164	219	15	+
219	324	15	+
147	777	15	+
73	796	15	+
487	922	15	+
227	676	15	+
910	927	15	+
400	840	15	+
165	453	15	+
40	338	15	+
51	265	15	+
170	471	15	+
43	301	15	+
342	671	15	+
308	799	15	+
385	1001	15	+
661	1001	15	+
848	1001	15	+
916	1001	15	+
957	1001	15	+
766	777	15	+
15	749	15	+
15	776	15	+
174	770	15	+
272	719	15	+
874	954	15	+
109	987	15	+
165	757	15	+
614	932	15	+
177	820	15	+
121	312	15	+
180	744	15	+
363	615	15	+
132	197	15	+
132	781	15	+
317	596	15	+
226	822	14	+
260	861	14	+
29	418	14	+
29	435	14	+
38	787	14	+
787	841	14	+
149	826	14	+
27	672	14	+
12	138	14	+
12	174	14	+
12	183	14	+
12	760	14	+
138	387	14	+
138	972	14	+
174	387	14	+
174	972	14	+
183	387	14	+
183	972	14	+
387	760	14	+
760	972	14	+
66	71	14	+
131	527	14	+
337	798	14	+
200	304	14	+
612	737	14	+
127	586	14	+
586	820	14	+
26	87	14	+
87	825	14	+
864	971	14	+
110	791	14	+
384	583	14	+
384	791	14	+
135	832	14	+
213	340	14	+
340	668	14	+
340	937	14	+
142	629	14	+
873	917	14	+
263	536	14	+
263	671	14	+
536	671	14	+
617	772	14	+
67	202	14	+
313	522	14	+
368	522	14	+
334	342	14	+
501	514	14	+
152	848	14	+
209	607	14	+
103	628	14	+
494	628	14	+
193	408	14	+
646	964	14	+
172	988	14	+
40	633	14	+
391	633	14	+
235	350	14	+
51	130	14	+
127	549	14	+
10	837	14	+
416	468	14	+
416	976	14	+
468	490	14	+
490	976	14	+
142	826	14	+
651	826	14	+
826	937	14	+
202	745	14	+
716	745	14	+
413	923	14	+
566	945	14	+
316	645	14	+
6	659	14	+
599	647	14	+
647	747	14	+
647	776	14	+
189	778	14	+
637	720	14	+
248	765	14	+
56	120	14	+
267	566	14	+
374	524	14	+
64	670	14	+
589	919	14	+
379	412	14	+
45	669	14	+
11	598	14	+
598	728	14	+
765	955	14	+
51	597	14	+
672	921	14	+
672	997	14	+
921	997	14	+
9	511	14	+
37	574	14	+
148	170	14	+
148	677	14	+
170	613	14	+
170	677	14	+
613	677	14	+
676	978	14	+
520	772	14	+
123	244	14	+
302	406	14	+
395	493	14	+
65	132	14	+
10	242	14	+
202	723	14	+
112	819	14	+
453	635	14	+
653	769	14	+
281	937	14	+
20	623	14	+
218	301	14	+
403	945	14	+
521	639	14	+
83	992	14	+
754	992	14	+
544	651	14	+
907	941	14	+
151	799	14	+
712	723	14	+
911	979	14	+
14	449	14	+
147	182	14	+
182	199	14	+
60	382	14	+
91	900	14	+
186	535	14	+
21	185	14	+
114	522	14	+
291	738	14	+
738	762	14	+
738	917	14	+
191	430	14	+
141	296	14	+
454	894	14	+
255	323	14	+
783	973	14	+
297	537	14	+
905	968	14	+
554	689	14	+
689	897	14	+
241	1001	14	+
337	1001	14	+
612	853	14	+
590	735	14	+
386	972	14	+
594	871	14	+
72	266	14	+
562	828	14	+
151	730	14	+
206	335	14	+
4	862	14	+
303	862	14	+
832	994	14	+
813	992	14	+
437	542	14	+
540	750	14	+
270	648	14	+
77	904	14	+
443	904	14	+
466	904	14	+
857	955	14	+
253	392	14	+
736	855	14	+
492	715	14	+
97	723	14	+
684	928	14	+
180	818	14	+
265	390	14	+
785	931	14	+
178	867	14	+
551	573	14	+
50	702	14	+
792	800	14	+
634	960	14	+
116	543	14	+
225	782	14	+
71	841	14	+
465	739	14	+
203	360	14	+
4	801	14	+
406	442	14	+
228	932	14	+
669	997	14	+
275	847	14	+
8	59	14	+
85	754	14	+
256	456	14	+
381	846	14	+
61	612	14	+
679	915	14	+
573	940	14	+
204	337	14	+
310	563	14	+
155	690	14	+
461	925	14	+
533	616	14	+
346	739	14	+
622	1001	14	+
767	981	14	+
234	906	14	+
333	391	14	+
575	680	14	+
70	110	14	+
170	547	14	+
320	323	14	+
258	746	14	+
746	770	14	+
47	699	14	+
75	161	14	+
75	663	14	+
161	402	14	+
402	663	14	+
448	500	14	+
521	533	14	+
142	375	14	+
242	549	14	+
5	38	14	+
282	725	14	+
391	808	14	+
272	761	14	+
634	644	14	+
19	395	14	+
395	773	14	+
202	797	14	+
548	797	14	+
325	542	14	+
288	868	14	+
349	696	14	+
220	229	14	+
169	196	14	+
673	882	14	+
346	727	14	+
336	445	14	+
190	665	14	+
327	665	14	+
407	665	14	+
600	644	14	+
80	280	14	+
285	994	14	+
587	692	14	+
477	613	14	+
474	786	14	+
20	919	14	+
99	284	14	+
284	439	14	+
284	484	14	+
108	935	14	+
879	987	14	+
203	569	14	+
787	991	14	+
402	671	14	+
363	624	14	+
47	887	14	+
64	867	14	+
253	265	14	+
251	993	14	+
435	635	14	+
501	769	14	+
501	1000	14	+
769	1000	14	+
748	960	14	+
279	952	14	+
498	952	14	+
291	638	14	+
291	818	14	+
291	954	14	+
638	971	14	+
818	971	14	+
954	971	14	+
392	479	14	+
127	217	14	+
217	909	14	+
217	929	14	+
549	909	14	+
549	929	14	+
765	813	14	+
151	309	14	+
309	591	14	+
285	686	14	+
416	719	14	+
146	194	14	+
97	844	14	+
203	257	14	+
273	510	14	+
624	753	14	+
420	829	14	+
126	941	14	+
457	562	14	+
179	604	14	+
430	588	14	+
588	685	14	+
14	285	14	+
14	810	14	+
285	418	14	+
313	969	14	+
443	840	14	+
443	953	14	+
310	317	14	+
142	632	14	+
268	632	14	+
381	632	14	+
434	632	14	+
627	632	14	+
687	986	14	+
278	559	14	+
68	824	14	+
308	389	14	+
149	875	14	+
180	864	14	+
347	601	14	+
347	876	14	+
608	713	14	+
656	880	14	+
406	619	14	+
5	73	14	+
261	488	14	+
330	407	14	+
27	617	14	+
68	376	14	+
68	584	14	+
68	599	14	+
376	584	14	+
567	899	14	+
644	925	14	+
503	714	14	+
427	483	14	+
789	811	14	+
811	945	14	+
649	738	14	+
649	859	14	+
649	988	14	+
547	755	14	+
595	755	14	+
755	995	14	+
321	545	14	+
545	865	14	+
183	237	14	+
159	579	14	+
579	841	14	+
82	955	14	+
104	122	14	+
835	992	14	+
246	932	14	+
303	924	14	+
754	845	14	+
33	272	14	+
666	698	14	+
354	369	14	+
236	423	14	+
149	967	14	+
362	639	14	+
636	867	14	+
442	582	14	+
366	812	14	+
366	898	14	+
296	602	14	+
305	513	14	+
51	345	14	+
345	836	14	+
127	253	14	+
127	684	14	+
253	684	14	+
802	872	14	+
329	732	14	+
400	526	14	+
263	744	14	+
617	744	14	+
541	568	14	+
342	951	14	+
274	495	14	+
259	455	14	+
405	991	14	+
128	585	14	+
95	922	14	+
720	725	14	+
141	569	14	+
131	255	14	+
24	425	14	+
28	283	14	+
28	966	14	+
55	999	14	+
416	746	14	+
215	668	14	+
557	866	14	+
148	242	14	+
162	848	14	+
679	861	14	+
348	852	14	+
279	596	14	+
400	523	14	+
208	436	14	+
477	479	14	+
242	811	14	+
4	833	14	+
100	303	14	+
100	718	14	+
303	718	14	+
303	833	14	+
339	833	14	+
18	203	14	+
291	827	14	+
371	421	14	+
254	447	14	+
495	815	14	+
278	608	14	+
374	488	14	+
502	594	14	+
156	275	14	+
156	571	14	+
156	674	14	+
275	559	14	+
275	674	14	+
275	761	14	+
559	571	14	+
559	674	14	+
571	674	14	+
571	761	14	+
674	761	14	+
676	747	14	+
102	201	14	+
81	297	14	+
17	807	14	+
333	702	14	+
116	755	14	+
406	449	14	+
428	510	14	+
273	627	14	+
244	804	14	+
176	354	14	+
748	811	14	+
73	637	14	+
6	697	14	+
438	697	14	+
329	437	14	+
90	402	14	+
496	531	14	+
157	204	14	+
204	765	14	+
739	830	14	+
467	944	14	+
486	828	14	+
330	976	14	+
93	921	14	+
93	998	14	+
71	239	14	+
71	815	14	+
138	524	14	+
48	783	14	+
783	987	14	+
659	885	14	+
212	313	14	+
212	368	14	+
212	484	14	+
84	118	14	+
287	524	14	+
658	836	14	+
836	977	14	+
242	879	14	+
516	911	14	+
526	602	14	+
60	402	14	+
315	757	14	+
412	413	14	+
18	188	14	+
18	559	14	+
188	559	14	+
188	618	14	+
559	618	14	+
503	924	14	+
444	973	14	+
444	981	14	+
729	756	14	+
319	889	14	+
37	489	14	+
37	844	14	+
489	570	14	+
489	574	14	+
489	844	14	+
570	844	14	+
33	340	14	+
33	927	14	+
340	927	14	+
35	316	14	+
35	645	14	+
35	807	14	+
605	902	14	+
50	878	14	+
202	449	14	+
449	536	14	+
403	715	14	+
67	884	14	+
692	975	14	+
615	853	14	+
264	513	14	+
469	859	14	+
138	780	14	+
26	870	14	+
284	522	14	+
287	291	14	+
263	914	14	+
631	914	14	+
402	459	14	+
166	738	14	+
577	715	14	+
2	782	14	+
2	800	14	+
31	460	14	+
460	728	14	+
14	253	14	+
422	589	14	+
589	729	14	+
933	990	14	+
344	426	14	+
352	426	14	+
426	670	14	+
141	375	14	+
375	595	14	+
375	908	14	+
375	995	14	+
169	252	14	+
47	514	14	+
369	811	14	+
144	629	14	+
176	629	14	+
272	437	14	+
438	518	14	+
518	700	14	+
207	280	14	+
479	860	14	+
138	678	14	+
119	719	14	+
203	452	14	+
452	992	14	+
35	679	14	+
69	689	14	+
69	898	14	+
69	986	14	+
59	810	14	+
686	998	14	+
282	566	14	+
3	505	14	+
105	551	14	+
40	851	14	+
40	918	14	+
218	851	14	+
115	655	14	+
543	655	14	+
412	721	14	+
214	389	14	+
385	443	14	+
595	894	14	+
258	479	14	+
237	261	14	+
237	653	14	+
374	493	14	+
97	364	14	+
317	364	14	+
234	314	14	+
244	518	14	+
394	972	14	+
424	510	14	+
242	571	14	+
29	659	14	+
653	960	14	+
363	727	14	+
522	567	14	+
70	673	14	+
195	673	14	+
673	750	14	+
117	136	14	+
117	281	14	+
117	486	14	+
305	371	14	+
371	668	14	+
434	738	14	+
54	483	14	+
205	661	14	+
737	968	14	+
711	855	14	+
214	834	14	+
15	19	14	+
15	72	14	+
19	592	14	+
72	592	14	+
373	752	14	+
383	560	14	+
211	326	14	+
228	852	14	+
528	739	14	+
352	963	14	+
365	688	14	+
258	475	14	+
285	794	14	+
656	703	14	+
114	230	14	+
114	766	14	+
230	766	14	+
406	519	14	+
574	647	14	+
647	743	14	+
647	999	14	+
368	496	14	+
125	845	14	+
66	264	14	+
573	829	14	+
785	829	14	+
161	477	14	+
477	663	14	+
90	479	14	+
7	572	14	+
401	510	14	+
497	740	14	+
79	403	14	+
109	752	14	+
109	799	14	+
393	550	14	+
16	108	14	+
199	886	14	+
355	886	14	+
173	216	14	+
85	375	14	+
330	815	14	+
118	255	14	+
39	594	14	+
399	882	14	+
651	831	14	+
484	486	14	+
384	444	14	+
271	539	14	+
576	578	14	+
401	754	14	+
84	860	14	+
736	933	14	+
195	305	14	+
195	837	14	+
175	597	14	+
250	597	14	+
263	479	14	+
70	179	14	+
697	998	14	+
382	990	14	+
253	757	14	+
253	849	14	+
757	849	14	+
225	468	14	+
50	254	14	+
5	662	14	+
193	304	14	+
240	461	14	+
535	780	14	+
780	878	14	+
44	521	14	+
402	943	14	+
915	943	14	+
270	472	14	+
333	818	14	+
264	833	14	+
442	833	14	+
48	376	14	+
381	462	14	+
764	782	14	+
577	759	14	+
709	995	14	+
338	830	14	+
830	851	14	+
285	457	14	+
203	419	14	+
257	389	14	+
278	924	14	+
107	274	14	+
82	678	14	+
82	842	14	+
82	890	14	+
551	591	14	+
108	474	14	+
687	908	14	+
509	516	14	+
104	230	14	+
149	279	14	+
279	417	14	+
643	969	14	+
775	788	14	+
775	872	14	+
254	357	14	+
492	827	14	+
433	824	14	+
549	941	14	+
612	968	14	+
208	839	14	+
548	748	14	+
673	924	14	+
302	459	14	+
302	746	14	+
302	784	14	+
302	786	14	+
458	786	14	+
459	847	14	+
746	847	14	+
784	847	14	+
786	847	14	+
337	514	14	+
304	485	14	+
619	780	14	+
120	556	14	+
47	874	14	+
25	512	14	+
22	645	14	+
645	926	14	+
159	763	14	+
328	747	14	+
155	893	14	+
32	529	14	+
80	902	14	+
10	756	14	+
661	756	14	+
746	756	14	+
26	114	14	+
610	906	14	+
176	194	14	+
135	225	14	+
634	800	14	+
634	914	14	+
646	734	14	+
646	783	14	+
734	783	14	+
628	751	14	+
656	674	14	+
578	736	14	+
578	930	14	+
736	938	14	+
930	938	14	+
266	649	14	+
542	673	14	+
697	963	14	+
15	179	14	+
77	83	14	+
83	466	14	+
231	868	14	+
386	807	14	+
728	807	14	+
797	807	14	+
721	801	14	+
189	318	14	+
290	617	14	+
1	105	14	+
1	965	14	+
105	514	14	+
105	632	14	+
514	965	14	+
632	965	14	+
400	517	14	+
517	765	14	+
159	747	14	+
222	367	14	+
126	481	14	+
55	740	14	+
491	611	14	+
217	848	14	+
108	235	14	+
235	392	14	+
235	771	14	+
223	528	14	+
445	505	14	+
174	669	14	+
669	734	14	+
669	962	14	+
376	542	14	+
542	647	14	+
542	749	14	+
542	775	14	+
696	904	14	+
600	818	14	+
367	563	14	+
48	791	14	+
241	560	14	+
439	621	14	+
226	263	14	+
34	535	14	+
510	890	14	+
768	890	14	+
864	874	14	+
708	739	14	+
361	671	14	+
837	917	14	+
234	449	14	+
199	322	14	+
322	407	14	+
120	693	14	+
529	539	14	+
98	664	14	+
817	918	14	+
21	113	14	+
387	456	14	+
456	589	14	+
456	751	14	+
456	889	14	+
49	980	14	+
425	866	14	+
385	686	14	+
198	964	14	+
312	328	14	+
358	723	14	+
302	477	14	+
543	566	14	+
348	557	14	+
348	785	14	+
393	707	14	+
143	298	14	+
355	546	14	+
404	600	14	+
491	630	14	+
649	710	14	+
665	811	14	+
32	379	14	+
32	530	14	+
50	830	14	+
113	487	14	+
388	721	14	+
420	684	14	+
541	684	14	+
380	694	14	+
642	926	14	+
126	792	14	+
316	826	14	+
91	193	14	+
149	889	14	+
82	605	14	+
604	855	14	+
604	968	14	+
855	1000	14	+
968	1000	14	+
434	624	14	+
66	452	14	+
452	877	14	+
247	641	14	+
641	744	14	+
641	822	14	+
79	849	14	+
345	849	14	+
296	905	14	+
321	640	14	+
582	924	14	+
192	444	14	+
985	999	14	+
672	735	14	+
502	799	14	+
187	458	14	+
218	626	14	+
701	851	14	+
701	961	14	+
365	564	14	+
154	277	14	+
277	752	14	+
69	334	14	+
69	361	14	+
69	496	14	+
135	439	14	+
135	782	14	+
439	782	14	+
513	712	14	+
513	766	14	+
712	766	14	+
143	257	14	+
181	430	14	+
342	430	14	+
430	609	14	+
212	518	14	+
200	321	14	+
152	355	14	+
204	1001	14	+
186	684	14	+
419	737	14	+
9	27	14	+
664	807	14	+
43	184	14	+
386	459	14	+
386	661	14	+
185	977	14	+
379	564	14	+
142	640	14	+
157	987	14	+
140	436	14	+
134	212	14	+
423	646	14	+
367	939	14	+
785	839	14	+
612	821	14	+
57	809	14	+
60	725	14	+
864	970	14	+
119	856	14	+
51	135	14	+
51	439	14	+
135	612	14	+
439	612	14	+
539	866	14	+
186	217	14	+
186	647	14	+
217	389	14	+
217	647	14	+
389	647	14	+
3	296	14	+
600	635	14	+
167	565	14	+
167	624	14	+
167	764	14	+
208	304	14	+
336	567	14	+
13	138	14	+
13	887	14	+
175	392	14	+
426	919	14	+
270	678	14	+
481	678	14	+
255	974	14	+
120	275	14	+
80	780	14	+
183	492	14	+
659	848	14	+
363	995	14	+
124	875	14	+
89	846	14	+
66	197	14	+
66	314	14	+
103	167	14	+
230	860	14	+
94	605	14	+
255	934	14	+
416	641	14	+
185	902	14	+
5	45	14	+
34	891	14	+
148	442	14	+
174	539	14	+
144	685	14	+
837	987	14	+
339	520	14	+
86	637	14	+
317	637	14	+
637	866	14	+
637	976	14	+
270	926	14	+
442	926	14	+
481	926	14	+
432	915	14	+
549	634	14	+
799	880	14	+
128	733	14	+
38	747	14	+
45	747	14	+
279	397	14	+
279	954	14	+
442	977	14	+
357	401	14	+
361	408	14	+
408	526	14	+
9	903	14	+
638	868	14	+
679	868	14	+
231	797	14	+
377	628	14	+
48	142	14	+
48	370	14	+
717	993	14	+
44	345	14	+
247	496	14	+
15	584	14	+
76	226	14	+
254	375	14	+
460	928	14	+
484	730	14	+
176	427	14	+
176	938	14	+
203	276	14	+
203	735	14	+
203	761	14	+
276	735	14	+
96	344	14	+
66	187	14	+
66	482	14	+
66	588	14	+
401	457	14	+
401	853	14	+
401	943	14	+
36	791	14	+
473	791	14	+
791	869	14	+
130	940	14	+
82	710	14	+
362	710	14	+
313	459	14	+
313	715	14	+
313	784	14	+
306	441	14	+
41	321	14	+
210	280	14	+
229	558	14	+
782	968	14	+
78	303	14	+
303	800	14	+
745	817	14	+
376	524	14	+
262	987	14	+
454	792	14	+
792	892	14	+
597	749	14	+
597	841	14	+
218	959	14	+
31	200	14	+
466	693	14	+
466	891	14	+
638	693	14	+
638	891	14	+
693	891	14	+
117	540	14	+
80	634	14	+
634	805	14	+
611	757	14	+
368	545	14	+
12	911	14	+
147	916	14	+
185	485	14	+
185	823	14	+
587	887	14	+
240	400	14	+
400	936	14	+
472	870	14	+
278	738	14	+
474	557	14	+
311	520	14	+
526	992	14	+
123	181	14	+
118	357	14	+
66	976	14	+
396	976	14	+
916	976	14	+
180	605	14	+
464	565	14	+
495	582	14	+
302	985	14	+
410	985	14	+
99	453	14	+
638	847	14	+
175	377	14	+
746	988	14	+
347	600	14	+
54	307	14	+
54	496	14	+
692	812	14	+
375	607	14	+
316	636	14	+
56	588	14	+
189	327	14	+
59	712	14	+
74	965	14	+
93	576	14	+
93	695	14	+
508	576	14	+
508	695	14	+
621	819	14	+
136	749	14	+
618	1003	14	+
583	765	14	+
290	365	14	+
290	752	14	+
268	344	14	+
427	703	14	+
680	703	14	+
390	656	14	+
158	313	14	+
158	397	14	+
325	423	14	+
368	702	14	+
392	697	14	+
697	825	14	+
697	870	14	+
240	810	14	+
635	639	14	+
98	247	14	+
724	792	14	+
584	800	14	+
408	427	14	+
356	678	14	+
118	826	14	+
52	513	14	+
463	679	14	+
278	979	14	+
153	156	14	+
722	769	14	+
855	894	14	+
409	473	14	+
409	694	14	+
772	974	14	+
455	737	14	+
217	251	14	+
135	747	14	+
454	776	14	+
404	984	14	+
878	984	14	+
614	810	14	+
283	492	14	+
40	378	14	+
172	378	14	+
607	651	14	+
423	566	14	+
202	542	14	+
78	746	14	+
481	714	14	+
236	851	14	+
435	656	14	+
181	945	14	+
214	362	14	+
232	506	14	+
134	301	14	+
864	1003	14	+
831	856	14	+
477	540	14	+
7	673	14	+
7	893	14	+
227	474	14	+
130	914	14	+
224	897	14	+
594	607	14	+
123	479	14	+
570	938	14	+
373	564	14	+
52	275	14	+
181	651	14	+
224	582	14	+
343	582	14	+
429	582	14	+
537	975	14	+
727	731	14	+
772	909	14	+
746	985	14	+
786	985	14	+
592	675	14	+
357	809	14	+
63	779	14	+
369	938	14	+
585	933	14	+
178	965	14	+
477	566	14	+
338	632	14	+
625	632	14	+
632	898	14	+
165	317	14	+
165	380	14	+
317	380	14	+
354	608	14	+
569	850	14	+
664	956	14	+
420	792	14	+
597	682	14	+
322	496	14	+
322	509	14	+
203	879	14	+
649	879	14	+
722	830	14	+
11	460	14	+
386	460	14	+
460	687	14	+
737	905	14	+
378	978	14	+
638	907	14	+
241	262	14	+
528	763	14	+
733	775	14	+
378	833	14	+
312	879	14	+
217	256	14	+
458	686	14	+
751	990	14	+
211	898	14	+
8	762	14	+
415	590	14	+
124	227	14	+
693	848	14	+
173	680	14	+
153	399	14	+
637	679	14	+
157	551	14	+
25	280	14	+
745	916	14	+
52	93	14	+
424	725	14	+
44	781	14	+
200	605	14	+
497	605	14	+
605	644	14	+
605	968	14	+
255	414	14	+
255	711	14	+
371	819	14	+
480	978	14	+
211	405	14	+
165	809	14	+
254	850	14	+
284	365	14	+
699	924	14	+
792	924	14	+
450	921	14	+
36	941	14	+
232	303	14	+
626	977	14	+
396	677	14	+
396	807	14	+
677	957	14	+
807	957	14	+
11	90	14	+
584	650	14	+
650	684	14	+
202	766	14	+
101	109	14	+
750	831	14	+
434	688	14	+
627	688	14	+
423	477	14	+
423	648	14	+
477	648	14	+
474	964	14	+
653	964	14	+
628	945	14	+
352	597	14	+
352	1002	14	+
489	597	14	+
489	1002	14	+
551	597	14	+
551	1002	14	+
597	745	14	+
745	1002	14	+
217	800	14	+
314	850	14	+
71	993	14	+
383	498	14	+
293	682	14	+
656	804	14	+
272	880	14	+
124	927	14	+
141	181	14	+
141	899	14	+
181	899	14	+
495	939	14	+
621	939	14	+
40	959	14	+
211	812	14	+
385	626	14	+
334	650	14	+
167	396	14	+
167	912	14	+
396	424	14	+
516	833	14	+
189	963	14	+
267	399	14	+
34	151	14	+
34	832	14	+
151	325	14	+
151	832	14	+
151	988	14	+
325	832	14	+
832	988	14	+
74	239	14	+
293	752	14	+
80	996	14	+
868	956	14	+
264	870	14	+
438	988	14	+
556	1001	14	+
707	1001	14	+
53	586	14	+
912	916	14	+
131	818	14	+
466	917	14	+
285	907	14	+
856	919	14	+
919	1003	14	+
293	804	14	+
804	914	14	+
454	461	14	+
508	773	14	+
305	612	14	+
71	751	14	+
287	792	14	+
280	289	14	+
109	940	14	+
258	970	14	+
131	841	14	+
615	835	14	+
156	439	14	+
166	236	14	+
166	256	14	+
166	447	14	+
166	854	14	+
236	256	14	+
236	447	14	+
256	854	14	+
447	854	14	+
693	986	14	+
415	974	14	+
94	562	14	+
352	905	14	+
810	860	14	+
304	336	14	+
183	671	14	+
183	893	14	+
183	996	14	+
11	190	14	+
11	199	14	+
11	556	14	+
701	984	14	+
208	960	14	+
641	963	14	+
192	849	14	+
585	718	14	+
734	785	14	+
146	720	14	+
793	972	14	+
84	255	14	+
405	842	14	+
392	963	14	+
548	716	14	+
101	197	14	+
101	431	14	+
555	613	14	+
316	405	14	+
579	612	14	+
444	566	14	+
322	798	14	+
135	179	14	+
241	643	14	+
532	807	14	+
256	534	14	+
748	871	14	+
224	225	14	+
602	665	14	+
91	319	14	+
376	849	14	+
376	999	14	+
849	999	14	+
85	286	14	+
133	286	14	+
286	432	14	+
194	659	14	+
238	659	14	+
523	1003	14	+
508	516	14	+
509	990	14	+
170	714	14	+
645	714	14	+
710	839	14	+
754	839	14	+
839	988	14	+
446	806	14	+
45	282	14	+
90	466	14	+
218	648	14	+
459	848	14	+
568	848	14	+
443	883	14	+
393	722	14	+
14	353	14	+
272	418	14	+
77	318	14	+
517	865	14	+
111	742	14	+
630	906	14	+
397	734	14	+
131	414	14	+
131	974	14	+
511	768	14	+
9	159	14	+
135	828	14	+
408	489	14	+
32	240	14	+
313	878	14	+
368	878	14	+
516	878	14	+
87	718	14	+
488	506	14	+
488	660	14	+
488	979	14	+
20	259	14	+
77	574	14	+
669	684	14	+
518	699	14	+
268	682	14	+
173	694	14	+
744	917	14	+
817	967	14	+
422	470	14	+
506	994	14	+
240	587	14	+
196	789	14	+
196	925	14	+
311	789	14	+
311	925	14	+
261	271	14	+
261	889	14	+
261	972	14	+
833	971	14	+
711	909	14	+
182	541	14	+
541	705	14	+
538	831	14	+
83	280	14	+
601	669	14	+
275	546	14	+
571	823	14	+
235	332	14	+
544	545	14	+
699	710	14	+
334	509	14	+
467	748	14	+
151	846	14	+
372	846	14	+
487	928	14	+
89	916	14	+
183	734	14	+
183	962	14	+
21	535	14	+
48	393	14	+
631	725	14	+
186	832	14	+
132	596	14	+
202	748	14	+
531	643	14	+
643	949	14	+
172	198	14	+
260	552	14	+
59	830	14	+
117	894	14	+
369	991	14	+
157	1001	14	+
213	959	14	+
424	640	14	+
595	770	14	+
72	459	14	+
72	784	14	+
555	733	14	+
405	774	14	+
444	545	14	+
587	847	14	+
598	847	14	+
161	305	14	+
161	668	14	+
305	663	14	+
663	668	14	+
677	968	14	+
907	908	14	+
463	809	14	+
47	454	14	+
63	619	14	+
63	851	14	+
793	921	14	+
476	725	14	+
582	977	14	+
558	887	14	+
618	887	14	+
239	857	14	+
52	138	14	+
333	718	14	+
598	726	14	+
780	985	14	+
123	772	14	+
223	295	14	+
420	789	14	+
287	736	14	+
76	112	14	+
113	869	14	+
21	310	14	+
535	654	14	+
126	236	14	+
460	585	14	+
914	982	14	+
282	419	14	+
14	50	14	+
14	952	14	+
50	435	14	+
435	952	14	+
220	476	14	+
190	313	14	+
765	888	14	+
662	908	14	+
470	818	14	+
567	824	14	+
104	983	14	+
545	983	14	+
925	983	14	+
192	551	14	+
22	35	14	+
133	849	14	+
29	890	14	+
792	944	14	+
163	579	14	+
579	857	14	+
10	950	14	+
838	950	14	+
950	1002	14	+
312	937	14	+
515	611	14	+
1	750	14	+
594	938	14	+
256	362	14	+
118	226	14	+
131	365	14	+
264	294	14	+
14	817	14	+
55	431	14	+
82	500	14	+
355	404	14	+
787	985	14	+
495	919	14	+
509	792	14	+
590	606	14	+
310	674	14	+
222	823	14	+
736	791	14	+
151	373	14	+
237	323	14	+
201	959	14	+
164	879	14	+
324	879	14	+
367	879	14	+
54	343	14	+
178	830	14	+
67	115	14	+
780	846	14	+
358	414	14	+
7	324	14	+
188	411	14	+
422	721	14	+
647	787	14	+
40	992	14	+
338	992	14	+
86	182	14	+
321	915	14	+
321	995	14	+
915	995	14	+
49	194	14	+
194	506	14	+
506	849	14	+
252	566	14	+
347	938	14	+
497	544	14	+
232	233	14	+
232	261	14	+
232	384	14	+
583	821	14	+
153	597	14	+
837	950	14	+
285	651	14	+
137	415	14	+
99	371	14	+
140	853	14	+
11	339	14	+
652	705	14	+
540	934	14	+
466	593	14	+
310	860	14	+
176	289	14	+
505	536	14	+
505	716	14	+
452	537	14	+
394	492	14	+
536	548	14	+
290	359	14	+
45	210	14	+
210	587	14	+
89	890	14	+
305	597	14	+
195	249	14	+
195	367	14	+
195	784	14	+
249	784	14	+
367	784	14	+
734	944	14	+
66	464	14	+
91	408	14	+
13	437	14	+
671	943	14	+
795	895	14	+
277	953	14	+
311	412	14	+
292	735	14	+
50	609	14	+
166	206	14	+
570	759	14	+
636	749	14	+
636	775	14	+
163	536	14	+
207	536	14	+
536	785	14	+
536	857	14	+
